171828,127271,272563,1016096,43,11609353,571683,20.308071,1140,570.78
338275,310528,441614,1870349,42,21305410,1090438,19.538773,1068,546.56
203915,151377,367198,1293646,44,14742539,722511,20.40518,1090,555.5
201822,185527,394885,1378984,44,15604585,782255,19.948744,1101,492.88
183449,154621,315324,1152210,44,13098391,653415,20.046696,1121,493.98
175201,134048,310504,1105501,44,12592746,619774,20.318975,1074,492.46
172444,142050,308384,1103749,44,12546442,622899,20.142696,1084,616.23
194937,155566,364172,1273827,44,14480240,714696,20.261293,1050,548.1
205768,163897,354769,1285014,44,14629959,724455,20.19502,1161,478.56
170367,130066,314173,1099189,44,12511942,614627,20.357664,1135,475.13
207821,151590,304105,1175485,44,13457966,663537,20.282806,1130,467.73
190557,137961,318683,1156484,44,13207157,647222,20.406576,1095,478.15
191551,141407,278683,1081918,44,12384015,611662,20.247196,1053,553.2
177894,142780,322555,1143721,44,13006474,643250,20.220596,1085,452.02
163231,119347,287931,1021714,44,11652611,570530,20.424938,1109,479.86
220175,182795,335150,1293488,44,14743005,738141,19.973724,1312,518.75
327713,319002,442700,1859871,43,21130956,1089436,19.396608,1259,552.63
325953,289753,438414,1818530,43,20727664,1054141,19.663475,1263,484.46
352518,374155,464705,2008644,42,22756372,1191399,19.100883,1257,631.01
339341,330979,492864,1995432,42,22644684,1163205,19.467844,1257,532.47
360582,403718,485271,2095467,42,23684556,1249592,18.95415,1322,500.61
389269,378056,406376,1969389,42,22463770,1173722,19.139261,1237,487.72
397514,377644,499180,2171075,42,24716120,1274359,19.395262,1296,499.08
369415,347515,458784,2003956,42,22825672,1175735,19.414307,1274,533.84
346839,414231,487311,2082574,42,23466736,1248402,18.797735,1275,496.25
312214,345058,463076,1895681,42,21410758,1120369,19.11081,1226,531.93
382302,401500,488375,2142897,42,24297602,1272198,19.09923,1327,506.69
296031,340483,501223,1935034,42,21788060,1137758,19.150347,1288,503.3
351314,364385,446883,1960822,42,22245056,1162603,19.134182,1289,545.56
171828,127271,272563,1016096,43,11609353,571683,20.308071,1140,570.78
449,628,878,3331,32,36642,1979,18.74271,427,93.64
558,618,770,3323,31,37010,1970,19.0185,426,92.02
477,525,693,2914,31,32373,1719,19.099115,447,92.6
438,547,744,2960,31,32679,1753,18.90052,444,91.02
480,516,677,2879,31,32018,1697,19.138075,434,92.66
446,547,721,2930,31,32381,1738,18.892065,433,94.68
445,559,724,2946,31,32529,1752,18.824654,438,93.92
473,555,723,2996,31,33199,1775,18.960022,445,85.62
435,536,739,2933,31,32392,1734,18.94269,425,98.34
459,524,706,2903,32,32182,1713,19.053879,434,92.18
436,557,735,2948,32,32519,1752,18.818865,426,92.65
485,661,811,3302,31,36401,1981,18.600409,440,88.07
414,582,738,2935,31,32238,1758,18.591696,427,91.24
435,586,739,2983,31,32842,1784,18.660227,434,92.07
446,556,740,2977,33,32880,1766,18.874857,430,94.17
475,584,742,3067,31,33930,1825,18.839533,440,91.84
458,609,747,3068,33,33823,1838,18.645535,434,92.07
446,634,817,3209,31,35276,1921,18.595678,434,92.07
458,637,796,3194,32,35153,1915,18.589636,434,92.07
389,475,723,2748,31,30295,1611,19.089478,422,99.01
389,475,723,2748,31,30295,1611,19.089478,438,90.93
389,475,723,2748,31,30295,1611,19.089478,429,99.86
389,475,723,2748,31,30295,1611,19.089478,434,92.07
389,475,723,2748,31,30295,1611,19.089478,434,92.07
389,475,723,2748,31,30295,1611,19.089478,438,96.33
389,475,723,2748,31,30295,1611,19.089478,434,92.07
389,475,723,2748,31,30295,1611,19.089478,434,92.07
389,475,723,2748,31,30295,1611,19.089478,434,92.07
389,475,723,2748,31,30295,1611,19.089478,434,92.07
70,28,178,535,20,5988,281,21.695652,144,69.07
64,10,184,517,20,5802,263,22.488373,143,69.07
72,28,178,539,18,6040,283,21.726618,146,69.07
72,23,179,536,19,6017,279,21.959854,140,77.67
70,23,181,536,19,6009,279,21.930656,141,77.67
67,23,181,530,18,5931,276,21.885609,145,69.71
70,19,181,532,18,5973,275,22.122223,147,69.04
68,20,180,527,18,5908,273,22.044777,140,77.67
67,16,183,527,19,5912,271,22.225563,138,77.67
68,16,181,525,18,5894,270,22.241508,146,69.07
64,8,184,515,18,5784,261,22.59375,139,77.67
67,19,181,526,19,5895,272,22.078651,145,69.05
60,3,189,512,21,5745,257,22.797619,139,77.67
60,6,188,513,21,5750,259,22.637794,145,71.69
62,3,187,512,21,5753,257,22.829365,144,71.69
73,39,176,548,19,6121,293,21.253471,146,69.07
66,9,185,522,20,5867,265,22.565384,146,71.69
60,0,186,503,20,5652,251,22.975609,139,77.67
61,0,188,509,20,5722,254,22.97992,145,71.69
64,0,199,537,20,6042,268,22.973385,146,69.07
60,0,186,503,19,5652,251,22.975609,146,69.07
61,0,188,509,19,5722,254,22.97992,145,69.71
60,0,186,503,19,5652,251,22.975609,146,69.07
60,0,186,503,19,5652,251,22.975609,125,62.67
60,0,188,507,19,5696,253,22.967741,148,69.05
61,0,188,509,19,5722,254,22.97992,146,69.07
61,0,188,509,19,5722,254,22.97992,146,69.07
60,0,186,503,19,5652,251,22.975609,145,71.69
61,0,188,509,19,5722,254,22.97992,146,69.07
60,0,186,503,19,5652,251,22.975609,146,69.07
2090,1681,7383,20678,45,231895,11179,20.7903,296,248.14
2086,1661,7379,20642,44,231523,11151,20.809185,310,229.62
2034,1756,6422,18719,44,209972,10237,20.5613,295,242.62
2172,1802,6480,19157,43,215250,10479,20.590204,301,253.63
1917,1577,5706,16874,41,189567,9225,20.605108,296,251.78
1940,1671,5773,17148,41,192485,9409,20.512041,306,267.98
1755,1669,5715,16660,43,186381,9164,20.394026,312,237.58
1847,1743,5651,16790,41,188031,9266,20.347473,311,254.75
1932,1579,5713,16920,43,190129,9249,20.612425,300,257.77
1584,1561,5639,16058,43,179291,8809,20.411089,297,252.35
1926,1617,5649,16818,43,188907,9217,20.55124,327,259.06
1835,1507,5711,16650,41,186915,9078,20.646748,310,268.09
1585,1517,5630,15998,42,178723,8757,20.46759,300,272.22
1896,1562,5762,16929,42,190118,9245,20.620174,308,276.5
1574,1590,5860,16509,43,184154,9049,20.407137,298,267.16
1872,1545,5759,16858,43,189275,9201,20.62718,304,260.47
1828,1500,5394,15995,39,179696,8747,20.602613,303,239.18
1577,1500,5869,16443,41,183620,8971,20.525375,305,278.55
1786,1499,6021,17164,43,192389,9331,20.67365,303,278.96
1836,1549,5475,16222,40,182127,8885,20.556095,324,261.44
1826,1535,5423,16084,40,180597,8809,20.559769,297,262.11
1847,1514,5723,16705,44,187554,9109,20.646631,314,238.61
1830,1547,6382,18022,41,201907,9784,20.689312,307,265
1840,1526,5411,16079,41,180616,8802,20.57833,308,259.7
1842,1554,5424,16137,41,181206,8845,20.544897,300,249.03
1872,1539,5406,16146,41,181455,8842,20.58013,313,227.99
1843,1566,5419,16141,44,181230,8853,20.529,323,270.83
1874,1628,5426,16279,44,182748,8953,20.469086,283,271.48
1823,1583,5421,16122,44,180907,8852,20.494732,303,254.56
1640,1338,5662,15993,40,179246,8665,20.746065,316,253.12
2090,1681,7383,20678,45,231895,11179,20.7903,797,237.37
2086,1661,7379,20642,44,231523,11151,20.809185,816,187.79
2034,1756,6422,18719,44,209972,10237,20.5613,806,146.85
2172,1802,6480,19157,43,215250,10479,20.590204,858,134.07
1917,1577,5706,16874,41,189567,9225,20.605108,814,203.41
1940,1671,5773,17148,41,192485,9409,20.512041,822,149.29
1755,1669,5715,16660,43,186381,9164,20.394026,821,140.02
1847,1743,5651,16790,41,188031,9266,20.347473,808,190.49
1932,1579,5713,16920,43,190129,9249,20.612425,864,136.55
1584,1561,5639,16058,43,179291,8809,20.411089,833,140.44
1926,1617,5649,16818,43,188907,9217,20.55124,824,154.31
1835,1507,5711,16650,41,186915,9078,20.646748,834,167.9
1585,1517,5630,15998,42,178723,8757,20.46759,845,202.51
1896,1562,5762,16929,42,190118,9245,20.620174,866,122.02
1574,1590,5860,16509,43,184154,9049,20.407137,870,144.95
1872,1545,5759,16858,43,189275,9201,20.62718,841,150.47
1828,1500,5394,15995,39,179696,8747,20.602613,826,161.39
1577,1500,5869,16443,41,183620,8971,20.525375,844,158.94
1786,1499,6021,17164,43,192389,9331,20.67365,882,123.34
1836,1549,5475,16222,40,182127,8885,20.556095,865,122.9
1826,1535,5423,16084,40,180597,8809,20.559769,864,132.89
1847,1514,5723,16705,44,187554,9109,20.646631,842,166.3
1830,1547,6382,18022,41,201907,9784,20.689312,902,109.71
1840,1526,5411,16079,41,180616,8802,20.57833,875,125.6
1842,1554,5424,16137,41,181206,8845,20.544897,849,185.63
1872,1539,5406,16146,41,181455,8842,20.58013,843,150.36
1843,1566,5419,16141,44,181230,8853,20.529,863,121.74
1874,1628,5426,16279,44,182748,8953,20.469086,891,112.63
1823,1583,5421,16122,44,180907,8852,20.494732,828,144.19
1640,1338,5662,15993,40,179246,8665,20.746065,818,149.14
70,28,178,535,20,5988,281,21.695652,144,69.07
64,10,184,517,20,5802,263,22.488373,143,69.07
72,28,178,539,18,6040,283,21.726618,146,69.07
72,23,179,536,19,6017,279,21.959854,140,77.67
70,23,181,536,19,6009,279,21.930656,141,77.67
67,23,181,530,18,5931,276,21.885609,145,69.71
70,19,181,532,18,5973,275,22.122223,147,69.04
68,20,180,527,18,5908,273,22.044777,140,77.67
67,16,183,527,19,5912,271,22.225563,138,77.67
68,16,181,525,18,5894,270,22.241508,146,69.07
64,8,184,515,18,5784,261,22.59375,139,77.67
67,19,181,526,19,5895,272,22.078651,145,69.05
60,3,189,512,21,5745,257,22.797619,139,77.67
60,6,188,513,21,5750,259,22.637794,145,71.69
62,3,187,512,21,5753,257,22.829365,144,71.69
73,39,176,548,19,6121,293,21.253471,146,69.07
66,9,185,522,20,5867,265,22.565384,146,71.69
60,0,186,503,20,5652,251,22.975609,139,77.67
61,0,188,509,20,5722,254,22.97992,145,71.69
64,0,199,537,20,6042,268,22.973385,146,69.07
60,0,186,503,19,5652,251,22.975609,146,69.07
61,0,188,509,19,5722,254,22.97992,145,69.71
60,0,186,503,19,5652,251,22.975609,146,69.07
60,0,186,503,19,5652,251,22.975609,125,62.67
60,0,188,507,19,5696,253,22.967741,148,69.05
61,0,188,509,19,5722,254,22.97992,146,69.07
61,0,188,509,19,5722,254,22.97992,146,69.07
60,0,186,503,19,5652,251,22.975609,145,71.69
61,0,188,509,19,5722,254,22.97992,146,69.07
60,0,186,503,19,5652,251,22.975609,146,69.07
138257,174337,250570,952324,170,10676255,563330,18.95763,1326,324.79
132947,177540,244635,933037,170,10436452,555288,18.800285,1311,327.42
146021,187604,244859,969697,170,10871880,578650,18.793743,1318,296.17
142009,169796,232630,919407,170,10338258,544601,18.988966,1306,362.03
129884,169010,245937,920985,170,10308688,544997,18.92089,1246,438.97
125249,180076,241079,913065,170,10180896,546570,18.632544,1374,318.06
133127,170997,235777,909138,170,10187369,540067,18.868958,1342,384.75
133536,171301,247653,934012,170,10462011,552656,18.93611,1206,373.27
134690,169928,238657,916955,170,10281746,543441,18.925491,1225,343.19
143262,188209,239309,953684,171,10683491,570946,18.717354,1273,329.69
138646,176054,248649,950977,170,10659560,563515,18.92177,1364,304.16
133699,170234,234022,906009,170,10156764,538121,18.880323,1225,314.25
136890,176956,230890,912849,170,10231324,544902,18.78217,1239,352.73
134622,169308,230397,899679,170,10092678,534493,18.88858,1262,357.01
125047,169952,231345,883069,170,9870380,526510,18.752716,1305,380.53
146943,177182,231710,934821,170,10512776,556001,18.913483,1272,313.68
149585,137553,230696,898448,170,10202499,518000,19.702257,1267,363.6
145503,127645,229277,877538,170,9975977,502591,19.855654,1340,320.85
145601,164082,220505,896627,170,10113474,530354,19.07526,1249,345.63
146127,170600,215207,893601,170,10069256,532100,18.929522,1278,375.04
155417,173617,212528,909840,170,10279011,541728,18.980303,1336,354.79
154953,164263,213561,901624,170,10205487,532943,19.15527,1350,335.06
137648,167502,226688,896507,170,10073502,532004,18.940922,1252,351.95
154772,164403,205907,886094,170,10033653,525248,19.108736,1284,345.41
136310,166807,227630,895020,170,10053183,530913,18.941572,1354,294.88
142299,175261,227211,914614,170,10275765,544937,18.862541,1244,372.32
147883,172372,220557,909585,170,10248560,540978,18.95032,1273,308.95
147234,171978,228622,924023,170,10405570,548000,18.99402,1206,358.86
139412,166061,221180,887578,170,9985221,526819,18.959772,1317,342.87
147528,160757,198414,852974,170,9647649,506865,19.040197,1264,410.66
138257,174337,250570,952324,170,10676255,563330,18.95763,917,255.59
132947,177540,244635,933037,170,10436452,555288,18.800285,953,252.47
146021,187604,244859,969697,170,10871880,578650,18.793743,869,253.18
142009,169796,232630,919407,170,10338258,544601,18.988966,980,240.15
129884,169010,245937,920985,170,10308688,544997,18.92089,983,230.9
125249,180076,241079,913065,170,10180896,546570,18.632544,939,293.47
133127,170997,235777,909138,170,10187369,540067,18.868958,982,263.34
133536,171301,247653,934012,170,10462011,552656,18.93611,921,264.75
134690,169928,238657,916955,170,10281746,543441,18.925491,1004,246.37
143262,188209,239309,953684,171,10683491,570946,18.717354,1002,239.45
138646,176054,248649,950977,170,10659560,563515,18.92177,959,265.46
133699,170234,234022,906009,170,10156764,538121,18.880323,956,246.53
136890,176956,230890,912849,170,10231324,544902,18.78217,1035,247.24
134622,169308,230397,899679,170,10092678,534493,18.88858,988,248.2
125047,169952,231345,883069,170,9870380,526510,18.752716,1038,237.04
146943,177182,231710,934821,170,10512776,556001,18.913483,860,245.78
149585,137553,230696,898448,170,10202499,518000,19.702257,926,240.5
145503,127645,229277,877538,170,9975977,502591,19.855654,976,251.81
145601,164082,220505,896627,170,10113474,530354,19.07526,953,258.69
146127,170600,215207,893601,170,10069256,532100,18.929522,931,276.91
155417,173617,212528,909840,170,10279011,541728,18.980303,945,273.43
154953,164263,213561,901624,170,10205487,532943,19.15527,987,243.94
137648,167502,226688,896507,170,10073502,532004,18.940922,1004,231.17
154772,164403,205907,886094,170,10033653,525248,19.108736,1002,235.09
136310,166807,227630,895020,170,10053183,530913,18.941572,979,238.63
142299,175261,227211,914614,170,10275765,544937,18.862541,940,250.89
147883,172372,220557,909585,170,10248560,540978,18.95032,1011,240.5
147234,171978,228622,924023,170,10405570,548000,18.99402,954,252.71
25643,23360,34402,143513,47,1633802,83436,19.588778,889,234.31
26097,23161,32026,139470,46,1591543,81315,19.580029,976,266.18
25469,24309,33744,142798,46,1623343,83553,19.436113,959,279.76
26154,23240,33642,142895,46,1629288,83067,19.621466,976,266.18
22907,22842,30977,130673,46,1482654,76757,19.32401,943,241.7
20342,12662,26098,105605,51,1217006,59133,20.591621,976,266.18
20769,12920,25223,104967,52,1211180,58943,20.55914,976,266.18
19929,13054,26371,105717,51,1215802,59385,20.48391,1010,239.16
19963,11439,26485,104398,53,1204659,57918,20.810528,935,253.49
19984,13159,25560,104310,51,1200335,58734,20.447592,976,266.18
19735,12832,25928,104221,51,1199014,58526,20.497717,961,268.4
19885,13101,25329,103592,53,1192157,58346,20.443401,976,266.18
23037,22731,30716,130300,45,1479293,76515,19.34121,1005,232.73
20791,16727,27100,112572,43,1287309,64649,19.921833,935,263.81
20791,16727,27100,112572,43,1287309,64649,19.921833,932,276.31
20791,16727,27100,112572,43,1287309,64649,19.921833,855,240.87
20791,16727,27100,112572,43,1287309,64649,19.921833,941,228.94
20791,16727,27100,112572,43,1287309,64649,19.921833,879,233.46
20791,16727,27100,112572,43,1287309,64649,19.921833,918,244.67
20791,16727,27100,112572,43,1287309,64649,19.921833,976,266.18
20791,16727,27100,112572,43,1287309,64649,19.921833,976,266.18
20791,16727,27100,112572,43,1287309,64649,19.921833,976,266.18
20791,16727,27100,112572,43,1287309,64649,19.921833,980,247.45
20791,16727,27100,112572,43,1287309,64649,19.921833,857,281.76
20791,16727,27100,112572,43,1287309,64649,19.921833,976,266.18
20791,16727,27100,112572,43,1287309,64649,19.921833,976,266.18
20791,16727,27100,112572,43,1287309,64649,19.921833,976,266.18
20791,16727,27100,112572,43,1287309,64649,19.921833,976,266.18
27335,23964,28643,135983,47,1556532,79973,19.470766,976,266.18
25718,24199,30748,137194,47,1562915,80696,19.37538,976,266.18
27064,27877,31669,145842,265,1651275,86859,19.06564,1341,334.97
24823,26471,35712,148040,267,1669301,87255,19.186045,1394,235.01
23579,25779,31712,136860,266,1542729,81319,19.029593,1351,256.95
20113,25233,31700,129358,265,1447435,77295,18.786634,1383,217.71
24607,24052,31525,136815,266,1549800,80433,19.328045,1418,225.9
18279,17748,21891,98587,265,1116588,58167,19.278774,1369,283.39
18204,17888,22031,98857,264,1118978,58372,19.251896,1368,259.78
19573,18168,21497,100807,265,1145344,59487,19.334616,1357,299.56
19029,17072,21365,98359,263,1118432,57715,19.4625,1423,218.42
16858,19938,27832,109817,266,1230054,64877,19.032835,1371,258.25
19777,20505,28094,116746,265,1316815,68625,19.258438,1328,262.59
17493,17070,23166,98887,263,1118100,57978,19.368082,1379,252.35
17326,17024,24308,100791,263,1138468,58907,19.408571,1327,248.51
19123,18329,21447,99968,264,1133993,59148,19.25318,1402,230.45
27345,26154,27660,136663,263,1554876,81408,19.158392,1342,239.39
19755,17102,22021,101153,264,1152010,59127,19.566051,1411,234.5
18776,17356,21809,99025,266,1124178,58190,19.402117,1385,234.56
21870,23849,30318,128724,265,1450257,76286,19.073044,1414,224.58
18542,17816,22245,99889,263,1131826,58852,19.313448,1393,215.03
19653,17430,21342,99919,263,1137372,58674,19.467215,1333,298.97
16919,17757,23248,98590,264,1111163,58173,19.183119,1366,320.43
17717,17728,24001,101663,264,1148216,59695,19.315277,1392,225.74
18620,17746,23059,101603,264,1151132,59674,19.371174,1347,247.48
16626,17884,23666,98967,263,1113884,58425,19.146795,1389,245.68
18089,17855,22959,100450,263,1136107,59152,19.287762,1392,226.48
17216,17866,23323,99443,265,1121516,58654,19.202396,1353,265.21
18227,17632,23453,101491,263,1148556,59561,19.364649,1357,280.76
17418,17606,23406,99753,263,1126254,58679,19.27527,1310,250.99
17137,17743,23309,99134,263,1118047,58438,19.214062,1343,259.02
17571,17862,23628,100759,264,1137420,59310,19.258394,1437,214.31
26158,28348,34646,150455,265,1697452,89401,19.039976,1323,314.56
22584,22826,29345,127183,265,1438208,75004,19.238955,1402,329.15
21637,24346,31298,130715,266,1470232,77530,19.024494,1352,229.49
19078,22027,27687,116056,266,1303385,69041,18.946753,1397,222.16
19045,18397,21985,100956,264,1144413,59676,19.25746,1357,267.33
18899,18701,21498,99994,265,1132639,59347,19.165438,1381,264.17
16008,20169,28552,109788,265,1225873,64978,18.938543,1365,244.42
17688,16994,22968,98805,263,1118130,57899,19.395144,1385,266.88
17403,17052,23421,99199,263,1121208,58125,19.37259,1355,315.84
20109,18141,21145,101148,263,1151293,59644,19.383669,1369,289.88
18688,17464,21913,99165,263,1125150,58314,19.377422,1402,221.79
19412,17437,21725,100210,263,1139595,58823,19.455647,1435,223.1
19392,17573,21991,100838,263,1146151,59205,19.440786,1391,268.8
20134,17417,21748,101680,263,1158693,59548,19.53984,1384,303.1
24765,23451,30423,134326,266,1524255,78888,19.38294,1397,243.73
22733,25527,29610,130712,266,1472221,78119,18.90614,1380,243.13
25185,24824,30049,135791,265,1539304,80307,19.22736,1375,265.17
18360,17997,22176,99568,264,1127205,58782,19.257599,1409,211.74
19489,17592,21289,99647,264,1133400,58619,19.41751,1364,239.42
18169,17847,22979,100642,263,1138555,59244,19.299177,1423,223.65
16796,17898,23928,99845,263,1124194,58871,19.176998,1357,264.78
17985,17908,23292,100961,264,1141206,59434,19.282015,1441,220.61
16606,17904,23989,99593,263,1120650,58748,19.156738,1408,210.62
16725,17676,23712,99049,263,1115598,58362,19.197046,1360,230.82
16604,17921,23499,98626,264,1109971,58273,19.129515,1394,242.8
17335,17733,24288,101478,263,1144643,59605,19.284369,1399,223.48
17487,17713,23232,99650,263,1125183,58681,19.25628,1371,262.14
16493,17837,24348,100018,264,1125007,58927,19.172552,1345,255.52
16767,18050,23969,100021,264,1125710,59035,19.149288,1422,221.97
17187,18190,23641,100345,263,1130674,59267,19.158121,1344,240.3
26158,28348,34646,150455,265,1697452,89401,19.039976,1904,343.54
22584,22826,29345,127183,265,1438208,75004,19.238955,1770,298.95
21637,24346,31298,130715,266,1470232,77530,19.024494,1701,322
19078,22027,27687,116056,266,1303385,69041,18.946753,1731,366.45
19045,18397,21985,100956,264,1144413,59676,19.25746,1753,381.74
18899,18701,21498,99994,265,1132639,59347,19.165438,1745,353.14
16008,20169,28552,109788,265,1225873,64978,18.938543,1834,342.25
17688,16994,22968,98805,263,1118130,57899,19.395144,1918,352.4
17403,17052,23421,99199,263,1121208,58125,19.37259,1796,335.77
20109,18141,21145,101148,263,1151293,59644,19.383669,1859,365.05
18688,17464,21913,99165,263,1125150,58314,19.377422,1861,398.51
19412,17437,21725,100210,263,1139595,58823,19.455647,1814,326.71
19392,17573,21991,100838,263,1146151,59205,19.440786,1727,313.77
20134,17417,21748,101680,263,1158693,59548,19.53984,1868,314.3
24765,23451,30423,134326,266,1524255,78888,19.38294,1783,347.6
22733,25527,29610,130712,266,1472221,78119,18.90614,1805,330.54
25185,24824,30049,135791,265,1539304,80307,19.22736,1903,344.38
18360,17997,22176,99568,264,1127205,58782,19.257599,1802,339.7
19489,17592,21289,99647,264,1133400,58619,19.41751,1958,352.35
18169,17847,22979,100642,263,1138555,59244,19.299177,1727,336.33
16796,17898,23928,99845,263,1124194,58871,19.176998,1808,322.04
17985,17908,23292,100961,264,1141206,59434,19.282015,1769,339.82
16606,17904,23989,99593,263,1120650,58748,19.156738,1783,298.86
16725,17676,23712,99049,263,1115598,58362,19.197046,1808,349.29
16604,17921,23499,98626,264,1109971,58273,19.129515,1767,351.52
17335,17733,24288,101478,263,1144643,59605,19.284369,1705,326.18
17487,17713,23232,99650,263,1125183,58681,19.25628,1690,354.04
16493,17837,24348,100018,264,1125007,58927,19.172552,1811,334.49
16767,18050,23969,100021,264,1125710,59035,19.149288,1806,307.3
242179,244785,425106,1579570,127,17852052,912177,19.573114,1904,343.54
263456,245652,426568,1625915,128,18445220,935783,19.713255,1770,298.95
245106,244594,431523,1598067,128,18067608,921330,19.612633,1701,322
241298,246560,432781,1594933,129,18013970,920746,19.566813,1731,366.45
245673,243947,426638,1588784,129,17969056,916365,19.611351,1753,381.74
238174,243549,415085,1550282,128,17516336,896915,19.531868,1745,353.14
239170,244464,421211,1565441,130,17685238,904952,19.545048,1834,342.25
234200,241512,414072,1538271,129,17372392,889891,19.52428,1918,352.4
232632,240573,425591,1557234,127,17576592,898903,19.555706,1796,335.77
242565,241887,421344,1569920,127,17753240,905903,19.599602,1859,365.05
246858,245544,417260,1573995,126,17807924,909769,19.576418,1861,398.51
239292,262795,430754,1603102,129,18063336,932948,19.363787,1814,326.71
249555,258772,434876,1627849,129,18384650,943310,19.491722,1727,313.77
186595,313225,521934,1730498,123,19153044,1021861,18.745258,1868,314.3
249359,257390,452074,1660471,128,18745472,958930,19.550503,1783,347.6
227184,261912,439844,1596183,130,17940560,929047,19.312937,1805,330.54
246117,254730,435086,1617351,127,18263504,936040,19.513687,1903,344.38
245793,247895,423916,1587528,127,17947824,917711,19.559444,1802,339.7
247656,269457,447701,1660386,127,18713592,964921,19.39606,1958,352.35
246404,255898,434038,1616997,127,18258422,936447,19.499779,1727,336.33
260386,306705,518775,1865242,127,20943432,1085973,19.287308,1808,322.04
243052,254352,442722,1626115,128,18348404,940233,19.516962,1769,339.82
237024,251261,428934,1583392,127,17860520,917326,19.472471,1783,298.86
248428,251967,428179,1605396,128,18146768,928681,19.54262,1808,349.29
237057,264264,435219,1609031,130,18116676,936647,19.344263,1767,351.52
250466,257751,433972,1626842,127,18379260,942296,19.506977,1705,326.18
249025,261042,443549,1646405,130,18582106,953723,19.485943,1690,354.04
242001,254413,420278,1579186,129,17827860,916799,19.448036,1811,334.49
232077,290647,446382,1647780,132,18470228,969213,19.059038,1806,307.3
2504,4558,7970,25595,207,281466,15076,18.724455,1351,168.95
3746,5115,7997,28690,212,319365,16902,18.944418,1388,167.08
2516,4428,8140,25829,207,284348,15128,18.850967,1401,205.24
2439,4339,8082,25470,207,280269,14904,18.860632,1339,162.43
2444,4352,8166,25661,207,282364,15006,18.872076,1408,169.96
3357,3922,6699,24123,207,269958,14022,19.313063,1327,175.33
2328,4388,8008,25149,207,276196,14768,18.758219,1377,208.61
2389,4360,7984,25195,207,277002,14777,18.801466,1330,167.59
2292,4427,8074,25248,207,277063,14837,18.729332,1307,164.38
2248,4364,8039,25027,207,274582,14695,18.74152,1355,165.76
2300,4297,8005,24996,209,274583,14646,18.80448,1301,191.46
2295,4405,7985,25054,207,274985,14729,18.72557,1337,164.98
2191,4421,8048,24988,207,273811,14704,18.677422,1370,177.5
2322,4298,7972,24975,207,274438,14636,18.807428,1263,272.69
2242,4436,8076,25161,207,275888,14798,18.6992,1373,196.07
2357,4407,7986,25182,207,276637,14794,18.75505,1324,171.96
2210,4401,7982,24874,211,272673,14637,18.685192,1275,188.04
2417,4343,8037,25340,207,278743,14841,18.837805,1435,175.11
2077,4375,8012,24642,209,269641,14508,18.642216,1305,212.26
2663,4678,8124,26341,209,290068,15509,18.756418,1321,197.47
2150,4459,8127,25102,209,274825,14780,18.649904,1329,193.03
3397,3887,6534,23838,209,267053,13862,19.326458,1323,184.81
3602,3943,6519,24274,209,272557,14108,19.379765,1345,177.6
2025,4305,8020,24484,207,267835,14394,18.66446,1344,178.52
4041,4434,6745,26095,209,293362,15264,19.27477,1361,180.28
4186,4800,7866,28993,209,325088,16896,19.290766,1367,197.3
3624,4526,6774,25411,209,283986,14968,19.028812,1277,240.92
3745,4438,6695,25407,209,284602,14922,19.12905,1367,176.66
3616,4347,6739,25146,207,281397,14746,19.140049,1400,159.44
573108,860551,1399848,4806708,124,53442424,2833629,18.860876,1389,325.85
342108,729661,1077034,3568190,124,39156504,2148925,18.222473,1379,323.26
414871,591089,1001068,3423212,124,38129944,2007150,18.99821,1427,312.69
429259,620805,1038606,3556780,124,39597310,2088792,18.958145,1346,317.58
527293,1245650,1855724,6011929,124,65746396,3628789,18.118608,1358,323.85
392228,593869,995245,3369060,124,37438140,1981464,18.895344,1380,348.09
328066,568343,901492,3027704,124,33477628,1798023,18.620396,1413,311.67
297296,648014,1020755,3284361,124,36018430,1966187,18.32006,1339,328.95
342170,576114,933316,3127331,124,34614400,1851722,18.694317,1481,338.82
287393,711726,1108670,3504097,124,38268492,2107911,18.15575,1357,337.1
368780,557868,925351,3146375,124,34966816,1852121,18.880579,1378,332.97
282701,639525,973729,3152630,124,34527988,1896077,18.211397,1371,307.52
377876,820046,1276521,4129085,124,45288652,2474565,18.302565,1335,315.07
504248,710879,1187492,4094604,124,45633184,2402741,18.9931,1297,351.72
300433,723384,1090568,3505631,124,38314210,2114507,18.120735,1313,327.42
416936,640001,1039979,3554076,124,39479884,2097038,18.827595,1370,299.03
328869,797132,1223119,3901353,124,42633400,2349242,18.148668,1381,330.5
251613,598511,926501,2954984,124,32311560,1776747,18.187046,1410,301.55
425563,689153,1095038,3730600,124,41357852,2209876,18.716043,1357,313.21
450536,699979,1156255,3913806,124,43451356,2306892,18.83645,1267,327.31
390879,614787,1027063,3450916,124,38291324,2032851,18.837397,1399,331.96
251613,598511,926501,2954984,124,32311560,1776747,18.187046,1357,337.1
345030,551486,886162,3014115,124,33429718,1782800,18.752527,1314,313.4
393508,636387,1053443,3530534,124,39134436,2083460,18.784487,1419,300.41
390273,592873,997956,3369576,124,37437988,1981224,18.897556,1356,347.6
385030,674125,1111208,3666846,124,40524480,2170485,18.671753,1361,327.55
624884,1082996,1772944,5878897,124,64998716,3480946,18.67337,1347,328.88
329221,519394,850908,2879897,124,31954268,1699645,18.801905,1293,324.89
348682,798083,1236791,3969274,124,43457880,2383678,18.232372,1356,321.63
3143952,2660940,12149808,33248480,42,372986980,17954708,20.77378,280,392.04
3123070,2276025,14476334,37474852,43,420163400,19875438,21.139841,297,355.4
2723935,2229315,12270397,32217998,43,360834880,17223656,20.94997,250,368.51
3113170,2316426,12261882,33066548,43,371551650,17691488,21.00173,338,402.25
3997531,5608656,11265905,36135548,44,402263600,20872100,19.272799,333,425.24
3441152,2785002,13753994,37175310,44,417122850,19980156,20.876863,296,398.9
2732911,2341540,11315737,30438856,44,341075780,16390197,20.809753,336,411.02
3430308,3304070,12326176,34817056,44,390100500,19060564,20.46638,296,407.45
2847065,3903119,10918117,31433502,44,349350340,17668310,19.772718,317,418.98
3599709,2907201,15822821,41752280,44,467859300,22329740,20.952303,313,427.27
2695238,2228036,11605226,30828984,44,345443500,16528509,20.899868,350,437.39
3548180,2665020,13910776,37582950,44,422274940,20123984,20.983673,331,424.03
3498496,3134732,15803812,41739370,44,466857340,22437048,20.80744,355,417.31
3118047,3160194,9987701,29371708,44,329240400,16265951,20.241089,294,413.05
3702936,2465816,15573476,41018660,44,461085150,21742236,21.206896,330,429.61
2908715,1992781,10838265,29486760,44,332003460,15739770,21.093296,313,437.07
3328626,2801363,12971412,35401456,44,397127600,19101410,20.790497,311,407.15
3144223,2029286,13838667,35995084,44,404464030,19012184,21.273949,330,429.61
3136734,2837808,11830934,32773164,44,367375900,17805484,20.632748,306,396.32
3372774,2732855,14223058,37924536,44,425195100,20328696,20.916014,331,388.71
3288332,2802636,14674134,38727588,44,433551300,20765112,20.878843,330,429.61
4153244,5428287,11022884,35780560,44,399342370,20604424,19.3814,330,429.61
3129002,2323488,13309450,35200412,44,395073340,18761948,21.057169,330,429.61
2543813,2131550,10680811,28580816,40,320300930,15356183,20.85812,330,429.61
2543813,2131550,10680811,28580816,40,320300930,15356183,20.85812,330,429.61
2543813,2131550,10680811,28580816,40,320300930,15356183,20.85812,340,415.99
2543813,2131550,10680811,28580816,40,320300930,15356183,20.85812,304,421.45
2543813,2131550,10680811,28580816,40,320300930,15356183,20.85812,328,395.67
2543813,2131550,10680811,28580816,40,320300930,15356183,20.85812,317,438.34
383,712,1448,4885,262,48222,2798,18.962643,444,95.51
343,733,1449,4828,262,47393,2780,18.769505,383,89.81
359,767,1509,5014,262,49435,2890,18.76091,432,70.44
223,803,1569,4898,261,47543,2850,18.321001,433,69.64
337,795,1499,4978,262,48895,2886,18.584188,486,73.95
313,813,1479,4908,261,47993,2860,18.423416,442,75.03
258,799,1567,4960,263,48373,2879,18.434832,445,91.63
207,817,1585,4912,262,47605,2864,18.246454,440,67.83
355,785,1491,4988,261,49097,2886,18.660965,435,73.33
277,781,1518,4882,262,47627,2831,18.488743,415,80.45
316,788,1504,4939,262,48396,2863,18.55675,388,87.04
304,778,1522,4941,261,48390,2859,18.582949,391,84.1
369,766,1474,4963,262,48916,2864,18.748945,399,86.98
256,768,1536,4863,261,47360,2815,18.5,497,73
306,766,1534,4957,262,48598,2861,18.648504,410,75.5
359,770,1497,4993,262,49198,2881,18.734959,487,71.34
351,765,1493,4964,262,48857,2864,18.726332,417,72.09
341,758,1487,4925,262,48402,2841,18.716938,446,89.08
288,772,1540,4939,261,48316,2855,18.583076,495,62.52
320,774,1514,4953,262,48594,2863,18.63267,496,66.06
335,769,1537,5024,261,49445,2896,18.722075,451,75.97
376,769,1491,5014,263,49499,2891,18.778072,456,77.04
261,807,1531,4902,261,47731,2854,18.36514,444,97.34
309,779,1547,5002,261,49079,2890,18.625807,435,73.37
265,759,1527,4854,261,47315,2806,18.547628,523,58.88
304,768,1536,4959,261,48608,2863,18.638037,452,76.78
358,758,1488,4961,262,48866,2859,18.765745,424,63.27
325,768,1532,4993,263,49066,2880,18.691809,421,103.27
327,798,1494,4951,262,48552,2874,18.538374,427,84.5
359,769,1462,4922,262,48419,2845,18.694595,412,85.01
247,781,1545,4876,261,47441,2828,18.43801,438,85.45
351,773,1505,4996,261,49193,2884,18.711678,455,66.03
252,806,1568,4957,264,48302,2881,18.393755,463,73.29
305,783,1551,5006,262,49099,2894,18.605154,369,97.91
396,768,1460,4991,262,49328,2879,18.79878,460,79.29
346,784,1510,5007,261,49272,2895,18.663637,467,75.72
282,788,1556,4975,262,48656,2881,18.52856,478,66.38
362,774,1486,4981,262,49070,2877,18.714722,444,97.27
263,761,1529,4856,261,47325,2808,18.537016,417,82.31
237,793,1555,4888,262,47509,2840,18.378723,441,79.08
258,770,1534,4865,262,47386,2817,18.495707,448,83.96
369,766,1466,4947,262,48740,2856,18.738947,419,72.51
344,798,1500,4997,262,49126,2897,18.594246,436,78.26
317,786,1524,4979,262,48844,2882,18.593073,465,68.26
369,768,1461,4939,262,48648,2853,18.725174,450,71.27
318,802,1474,4897,261,47914,2849,18.471087,413,75.68
330,772,1536,5015,261,49320,2893,18.695982,459,81.99
305,783,1551,5006,263,49099,2894,18.605154,452,67.9
380,760,1469,4969,262,49038,2864,18.795708,439,69.2
256,803,1571,4968,262,48445,2885,18.420153,422,95.79
301,787,1504,4908,264,47997,2847,18.51736,479,63.33
256,802,1536,4897,262,47666,2849,18.375483,420,73.19
312,774,1480,4869,262,47638,2821,18.565083,483,61.96
318,788,1556,5047,262,49592,2917,18.629602,427,69.08
296,776,1580,5039,262,49440,2907,18.642534,477,63.89
353,816,1582,5197,262,51326,3006,18.657215,473,62.97
350,786,1554,5105,262,50362,2945,18.721933,481,70.25
68079,330,70032,276809,263,3313728,138569,23.936031,1081,2248.34
82634,340,83521,332907,264,3989006,166623,23.958714,996,2729.26
63763,324,65213,258533,264,3095440,129428,23.939985,1091,2065.4
65600,326,66286,264355,263,3166826,132340,23.952637,1171,1787.21
62946,90734,70475,357833,270,4003652,224283,17.861088,1139,1829.25
32768,256,33149,132347,261,1583550,66301,23.930454,1067,2214.12
70168,1061,74310,290274,266,3468737,145667,23.833729,1120,1791.12
63584,30867,68661,295614,274,3441529,163240,21.099176,1264,1799.74
84321,26198,87369,369835,272,4350246,198016,21.983374,1095,2202.89
74716,2904,78000,308593,265,3684752,155748,23.677881,1131,1805.08
64675,55409,66534,318084,273,3643979,186746,19.526407,1115,2104.96
104594,334,110036,429851,264,5143242,215092,23.926062,1194,1724.25
67091,33621,72016,312092,271,3631307,172856,21.023268,1071,2000.62
55837,61872,70745,315293,270,3565000,188582,18.917084,1101,2092.21
104336,1915,107084,425012,267,5085819,213463,23.83959,1067,2277.47
103095,319,106239,419244,265,5020599,209781,23.947184,1093,2147.55
95504,319,97258,386100,264,4625651,193209,23.957048,1105,2067.21
101761,309,105060,414208,265,4959887,207258,23.945768,1093,2112.85
84785,326,93899,357951,266,4273122,179138,23.870857,1171,1810.8
92798,314,95350,376867,262,4513274,188590,23.947926,1075,2027.75
96359,312,98711,390709,263,4679784,195510,23.951971,1084,2030.21
97558,325,104544,404786,265,4839401,202555,23.906895,1072,2066.71
98260,325,100441,397984,265,4767387,199154,23.953588,1130,1819.35
90194,327,93374,367720,265,4402215,184023,23.938742,1051,2194.93
71604,65890,74829,359013,268,4100952,212451,19.314686,1139,2013.84
69213,62549,77137,355506,275,4059493,209027,19.432802,1204,1723.27
113111,1178,116014,459685,267,5503796,230431,23.898066,1053,2154.2
101944,456,103725,412051,267,4936598,206253,23.949535,1142,1714.05
78397,76571,84254,402130,274,4581049,239350,19.149782,1151,2005.1
614,554,738,3279,31,37186,1916,19.509968,475,109.46
959,866,1150,5105,32,58028,2985,19.50521,477,120.9
1003,866,1141,5175,33,58974,3020,19.592691,512,107.18
804,863,863,4218,29,47657,2540,18.83676,494,109.63
625,544,741,3297,31,37448,1920,19.606283,495,111.71
664,553,718,3338,31,38037,1945,19.657364,504,105.78
655,556,714,3315,31,37742,1935,19.606234,493,105.49
550,491,634,2880,31,32667,1685,19.502687,492,111.37
564,498,679,3005,31,34084,1751,19.577255,509,107.5
640,554,728,3311,30,37642,1932,19.584808,485,110.59
678,539,691,3298,30,37681,1918,19.748951,495,106.17
619,517,676,3128,31,35619,1822,19.657286,506,110.96
591,503,694,3094,31,35161,1798,19.66499,499,108.11
549,505,701,3026,31,34241,1765,19.510542,493,110.33
571,515,713,3104,31,35167,1809,19.548082,526,105.34
551,520,710,3063,31,34626,1791,19.441887,491,111.44
558,527,730,3124,31,35311,1825,19.455097,519,104.98
579,521,708,3116,31,35319,1818,19.534845,486,112.88
528,525,690,2982,32,33633,1753,19.296041,492,115.84
570,500,675,3011,32,34170,1755,19.581661,488,110.7
569,492,658,2967,30,33698,1729,19.603258,476,112.33
920,776,925,4487,33,51254,2631,19.555132,510,104.87
551,520,673,2989,30,33812,1754,19.387615,504,102.87
604,544,737,3247,30,36814,1895,19.529974,473,114.84
609,533,735,3242,30,36801,1887,19.606287,477,115.57
614,568,755,3327,31,37686,1947,19.45586,489,114.78
566,549,729,3160,30,35695,1854,19.357376,491,107.28
579,520,673,3045,30,34540,1782,19.4921,502,117.71
1489,1834,2486,9839,40,109912,5836,18.920984,910,185.77
1642,1751,2317,9724,39,109425,5737,19.163748,873,157.71
1593,1722,2371,9705,40,109078,5713,19.183609,927,122.47
1552,1762,2403,9727,40,109076,5744,19.079237,889,188.26
1514,1721,2461,9726,41,108995,5723,19.135359,882,131.31
1632,1773,2355,9802,41,110199,5787,19.131771,868,149.45
1572,1741,2436,9812,44,110133,5776,19.156897,901,179.72
1801,1662,2149,9617,42,109062,5639,19.433714,902,186.88
1498,1693,2423,9590,40,107491,5641,19.146954,915,197.67
1810,1755,2161,9752,45,110397,5753,19.279951,840,165.97
1656,1723,2293,9676,40,109009,5699,19.218794,973,135.13
1523,1855,2442,9840,40,110017,5847,18.903265,949,133.14
1666,1810,2375,9947,41,111856,5878,19.117416,947,158.96
1540,1721,2407,9670,41,108483,5695,19.139555,865,135.67
1588,1848,2430,9939,41,111380,5893,18.987385,900,176.23
1571,1776,2317,9607,40,107804,5691,19.033192,883,161.51
1523,1812,2390,9693,39,108486,5752,18.94952,962,160.58
1450,1963,2438,9794,40,109003,5878,18.629807,865,146.75
1623,1764,2321,9707,44,109136,5735,19.119831,907,188.35
1609,1701,2347,9668,42,108777,5684,19.228743,910,207.72
1535,1743,2390,9648,42,108177,5695,19.085567,936,178.7
1490,1778,2447,9707,42,108576,5742,18.998425,935,181
1685,1643,2223,9514,40,107503,5578,19.36642,992,137.88
1833,927,1361,7370,43,85943,4148,20.854889,939,170.82
1536,1820,2376,9699,40,108588,5759,18.944174,951,176.36
1633,1697,2315,9648,42,108661,5672,19.24907,924,188.21
1562,1884,2384,9831,41,110016,5857,18.870668,1000,130.94
1442,1743,2482,9646,41,107783,5694,19.019411,913,149.31
1664,1678,2222,9505,43,107250,5591,19.275702,966,168.05
1754,1702,2262,9789,41,110686,5745,19.357468,969,191.49
2623,2014,2712,12961,147,145988,7487,19.865015,551,272.85
2790,2057,2619,13152,147,148671,7604,19.913073,572,233.62
2680,2055,2669,13030,148,146893,7542,19.839682,647,176.79
2532,1997,2661,12660,147,142347,7328,19.797915,538,355.09
2191,1911,2172,10914,150,121949,6412,19.4372,579,345.09
2502,1526,2056,10919,146,124018,6222,20.384287,555,237.86
3311,1927,2096,13018,146,149541,7472,20.3901,600,322.04
2919,1394,1505,10519,148,121550,5956,20.89206,592,352.72
2727,1983,2640,12994,147,146829,7488,19.976734,589,238.09
2854,1980,2640,13245,146,150104,7612,20.08349,570,248.32
2689,1985,2656,12952,147,146211,7468,19.94693,594,310.62
2276,1523,2221,10794,147,121745,6158,20.223421,598,218.76
3114,1768,2131,12535,146,143758,7151,20.498789,626,220.61
2715,2021,2487,12702,147,143493,7361,19.866121,563,175.91
2700,1876,2434,12421,147,140632,7148,20.061626,587,279.96
2805,1860,2415,12577,148,142800,7218,20.16949,600,216.53
2521,1937,2671,12598,147,141741,7267,19.88231,588,308.97
3006,1909,2410,13018,146,148357,7463,20.253515,569,334.53
2622,1210,1728,10187,146,117078,5698,21.057194,582,330.64
2742,1934,2450,12595,147,142598,7264,20.010946,605,322.38
2745,1954,2371,12463,148,141118,7208,19.960114,608,287.52
2447,1551,2060,10842,146,122901,6196,20.287388,589,238.24
2508,1200,1891,10275,148,117610,5737,21.005537,597,404.24
2489,1181,1892,10220,146,116967,5700,21.029665,627,166.91
2549,1180,1831,10217,148,117176,5698,21.07482,575,168.31
2551,1181,1846,10252,146,117567,5716,21.07691,635,160.64
2466,1165,1944,10262,147,117369,5713,21.052736,641,196.99
2529,1209,1787,10118,146,115949,5663,20.986244,589,169.89
2627,2103,2751,13136,146,147751,7619,19.750168,624,274.85
2521,2163,2799,13080,147,146591,7621,19.58987,599,211.28
127051,100522,172584,699807,58,8004872,400164,20.004328,806,379.41
267640,241921,408294,1593804,65,18118396,917862,19.739933,831,377.32
378181,327378,514477,2112709,62,24097602,1220043,19.75155,729,368.62
312317,337502,562659,2087469,64,23536258,1212485,19.4117,695,400.12
118828,94346,169466,670949,60,7666894,382647,20.036833,786,344.32
200897,179061,301766,1184402,62,13473723,681731,19.76419,756,361.28
227505,267835,367285,1457430,47,16405915,862632,19.018595,791,383.02
125752,141607,244573,882272,61,9924621,511939,19.3866,709,393.41
246676,238575,245243,1222428,53,13956097,730501,19.105013,780,352.48
233193,238740,378785,1462711,57,16544948,850725,19.448217,708,395.43
153874,139975,260667,969072,61,10995173,554523,19.828415,735,370
141773,123891,174526,756504,59,8640689,440197,19.629454,664,386.16
216397,248063,429553,1539978,60,17309056,894020,19.361078,813,400.78
338087,283152,451271,1861883,59,21266592,1072517,19.828806,776,353.03
251602,246003,245487,1240196,50,14156393,743099,19.05066,775,342.16
282688,242884,278291,1364857,50,15658246,803870,19.47875,783,381.58
219712,252146,308792,1309169,52,14775250,780657,18.926855,791,414.44
303373,267729,334673,1543836,52,17660064,905782,19.497187,795,391.56
273260,288140,373910,1582495,52,17924040,935317,19.163742,852,414.63
320393,281980,286351,1495483,52,17167760,888731,19.317314,848,396.77
236154,323448,526045,1847861,59,20624026,1085654,18.99699,811,353.68
379733,336721,336999,1770200,52,20317524,1053460,19.286598,796,393.22
343060,335207,352644,1726630,52,19694592,1030918,19.104065,809,395.47
206836,228596,378575,1399433,60,15763750,814014,19.36562,741,390.63
470820,404910,466723,2280011,54,26153416,1342460,19.481812,814,364.53
209880,232907,278451,1209584,51,13678965,721245,18.965952,787,371.38
301034,274340,281591,1439605,51,16490946,856972,19.24343,889,399.41
300395,258632,289735,1438907,51,16512128,848769,19.454369,824,383.91
264373,269047,300779,1399366,51,15912259,834206,19.074896,822,359.63
275338,276126,297491,1421799,51,16188724,848962,19.069002,945,358.53
311099,248618,375338,1621507,62,18583572,935062,19.87431,759,381.3
118828,94346,169466,670949,60,7666894,382647,20.036833,729,368.62
195013,176920,281203,1129367,61,12849084,653143,19.672907,724,356.65
207786,188163,292279,1188308,62,13526041,688235,19.65343,735,386.67
143436,163409,244241,938778,61,10573319,551093,19.186333,751,385.28
192191,183762,306281,1180721,63,13389006,682241,19.62524,819,359.7
217157,175072,283673,1176747,61,13462536,675909,19.917881,763,400.81
191167,184811,329740,1226640,61,13887921,705725,19.679136,728,373.02
171474,161986,281024,1066997,61,12098726,614491,19.689245,717,352.1
197121,200395,314935,1224522,61,13857271,712458,19.450138,684,379.72
163245,158431,268898,1022732,65,11586005,590581,19.61821,724,366.51
153723,152430,240598,941087,62,10661824,546758,19.500328,760,392.9
134561,143607,240024,892792,61,10071577,518199,19.435995,814,359.78
245872,228957,238336,1197388,46,13696677,713172,19.20548,757,386.68
198877,193800,238770,1069109,47,12167942,631454,19.269934,756,405.29
199510,205494,243898,1092325,47,12402462,648909,19.112997,774,372.91
187250,208862,246298,1075973,47,12166814,642417,18.93933,705,404.76
228653,239769,396023,1489136,60,16815404,864452,19.452255,776,373.02
255427,242366,385999,1525233,60,17314374,883799,19.591005,794,369.59
321923,295813,323573,1586820,56,18150920,941316,19.282639,852,351.82
168296,141124,171314,820359,58,9414720,480741,19.584053,815,362.86
205469,237383,404448,1457232,59,16376497,847307,19.327862,837,352.07
398942,404227,375012,1952150,55,22260800,1178188,18.894209,754,348.03
263100,239156,247874,1261119,49,14446232,750137,19.258305,867,394.01
272309,272558,324556,1466303,53,16673288,869430,19.177418,798,408.15
296521,273341,236773,1339944,52,15378621,806642,19.065155,820,361.11
284927,254023,314551,1452994,52,16614431,853508,19.466211,915,406.18
268831,256562,422881,1640001,57,18602046,948281,19.616741,832,348.11
248016,226962,358240,1439489,62,16372354,833225,19.649544,729,368.62
118828,94346,169466,670949,60,7666894,382647,20.036833,817,382.88
186339,164764,265847,1069151,61,12176324,616957,19.736322,811,369.73
182454,191200,328352,1212827,61,13688348,702013,19.498905,798,408.82
195365,201072,278611,1149039,61,13018580,675055,19.285414,755,359.64
150689,171120,253723,979959,61,11039900,575539,19.18208,766,398.07
196986,203226,334296,1265805,63,14305182,734515,19.47587,711,431.33
143592,188624,313402,1102627,64,12325852,645625,19.091557,745,355.44
258096,253559,248878,1267522,47,14467843,760540,19.023294,724,366.02
213773,194533,232023,1086140,45,12413401,640336,19.385973,715,397.92
213773,194533,232023,1086140,45,12413401,640336,19.385973,814,409.64
213773,194533,232023,1086140,45,12413401,640336,19.385973,820,376.33
213773,194533,232023,1086140,45,12413401,640336,19.385973,820,376.33
213773,194533,232023,1086140,45,12413401,640336,19.385973,820,376.33
213773,194533,232023,1086140,45,12413401,640336,19.385973,820,376.33
213773,194533,232023,1086140,45,12413401,640336,19.385973,820,376.33
213773,194533,232023,1086140,45,12413401,640336,19.385973,820,376.33
213773,194533,232023,1086140,45,12413401,640336,19.385973,820,376.33
213773,194533,232023,1086140,45,12413401,640336,19.385973,826,362.27
213773,194533,232023,1086140,45,12413401,640336,19.385973,820,376.33
213773,194533,232023,1086140,45,12413401,640336,19.385973,820,376.33
213773,194533,232023,1086140,45,12413401,640336,19.385973,808,396.99
213773,194533,232023,1086140,45,12413401,640336,19.385973,820,376.33
213773,194533,232023,1086140,45,12413401,640336,19.385973,820,376.33
179826,158870,283353,1085243,64,12339072,622056,19.836174,820,376.33
148230,146902,252450,948277,62,10729998,547589,19.595236,871,357.02
264226,214672,242518,1228175,46,14137320,721423,19.596626,820,376.33
198352,204583,233890,1069082,47,12143979,636832,19.06957,876,360.89
249879,245936,245664,1237037,52,14114886,741486,19.036123,820,376.33
236612,245866,281768,1282641,51,14563602,764253,19.05617,820,376.33
228492,288013,449448,1643908,62,18420764,965960,19.070044,729,368.62
236768,266380,443394,1626719,65,18308056,946549,19.342043,693,361.61
246253,262859,445496,1646372,61,18569220,954615,19.452194,748,376.35
247761,303991,353374,1506276,62,16951932,905133,18.72881,773,367.74
383283,346486,619907,2352881,63,26721686,1349683,19.798594,741,352.47
118828,94346,169466,670949,60,7666894,382647,20.036833,685,522.31
261654,235388,263765,1286241,45,14724326,760814,19.353563,854,360.73
261654,235388,263765,1286241,45,14724326,760814,19.353563,779,404.37
261654,235388,263765,1286241,45,14724326,760814,19.353563,782,357.27
261654,235388,263765,1286241,45,14724326,760814,19.353563,727,394.13
261654,235388,263765,1286241,45,14724326,760814,19.353563,891,375.48
261654,235388,263765,1286241,45,14724326,760814,19.353563,789,404.5
261654,235388,263765,1286241,45,14724326,760814,19.353563,891,375.48
261654,235388,263765,1286241,45,14724326,760814,19.353563,891,375.48
261654,235388,263765,1286241,45,14724326,760814,19.353563,891,375.48
261654,235388,263765,1286241,45,14724326,760814,19.353563,891,375.48
261654,235388,263765,1286241,45,14724326,760814,19.353563,891,375.48
261654,235388,263765,1286241,45,14724326,760814,19.353563,858,386.63
261654,235388,263765,1286241,45,14724326,760814,19.353563,843,361.15
261654,235388,263765,1286241,45,14724326,760814,19.353563,891,375.48
261654,235388,263765,1286241,45,14724326,760814,19.353563,891,375.48
160449,185350,315307,1136877,62,12776578,661113,19.326065,792,374.66
174760,181008,295312,1121167,61,12669696,651087,19.459507,891,375.48
222486,246879,287018,1265902,47,14320943,756390,18.933455,891,375.48
125231,147453,250781,899492,63,10100265,523472,19.295015,860,370.24
245725,241465,279206,1291342,51,14704567,766403,19.186644,891,375.48
249837,282347,478343,1738722,59,19560432,1010534,19.356663,891,375.48
238327,241716,275318,1269021,50,14428942,755368,19.102047,891,375.48
284199,311121,334647,1548828,52,17551496,929974,18.873247,891,375.48
364146,294808,253742,1530599,52,17703392,912703,19.39681,891,375.48
121047,99569,168048,677774,55,7740399,388671,19.9154,786,369.06
114103,94956,174608,672393,55,7662658,383674,19.972158,802,387.62
114047,94960,174256,671581,55,7653494,383270,19.969301,777,392.55
117004,96748,173243,677257,56,7724182,387002,19.959385,721,394.38
114725,95471,175102,675140,55,7694333,385305,19.969824,777,376.55
114464,96472,173900,673215,55,7670112,384843,19.930859,771,384.8
118697,96690,170003,674105,55,7696398,385397,19.970415,803,380.84
113530,94452,174822,671171,55,7647932,382811,19.978716,752,401.45
117849,95048,174296,679353,55,7754018,387200,20.026236,772,383.98
113958,94746,175417,673511,54,7674796,384128,19.980152,755,384.51
113619,98387,174726,675092,54,7683549,386739,19.867891,723,397.75
113688,94515,174641,671188,54,7648625,382851,19.978437,797,389.77
115030,96492,173924,674415,54,7685536,385453,19.939333,766,373.47
114380,95100,174924,673723,54,7678108,384411,19.974058,765,386.64
113494,96044,175463,673973,57,7675426,385008,19.93612,729,368.62
118828,94346,169466,670949,60,7666894,382647,20.036833,704,392.47
117317,98235,174970,682824,59,7783697,390529,19.93152,808,366.24
236943,245178,299424,1317927,46,14954448,781552,19.134468,807,357.54
274504,239357,269868,1328116,46,15228413,783736,19.430712,823,380.92
255207,240358,259726,1270239,47,14512576,755298,19.21455,853,405.31
269681,243670,256074,1295195,46,14838364,769432,19.285004,857,367.08
245056,242469,299137,1330870,46,15134691,786669,19.239128,868,392.48
259166,240517,269425,1297714,46,14830319,769115,19.282492,919,365.7
234380,233799,302260,1307094,45,14847791,770446,19.271858,826,383.92
267672,231778,288268,1343673,45,15387370,787725,19.53411,912,395.35
244711,233629,289786,1302638,45,14840439,768133,19.320318,891,421.21
253864,234485,292564,1327356,45,15147237,780920,19.39683,884,387.91
119001,103918,169303,680541,55,7753954,392229,19.769299,812,386.58
243807,236513,271410,1266962,46,14438619,751737,19.207188,826,393.78
271336,233634,271208,1318737,46,15124018,776185,19.485245,861,352.22
224062,242621,301796,1294352,63,14648713,768486,19.061956,710,382.76
218745,241949,299590,1278634,61,14455891,760291,19.013803,790,381.25
195036,245797,307687,1251258,67,14052223,748527,18.773344,766,385.61
230700,237495,359831,1418572,63,16051937,828033,19.385788,715,415.34
207559,237417,343990,1340530,64,15101067,788973,19.140327,804,344.68
185956,238162,359586,1329261,63,14889206,783711,18.998507,829,357.28
199845,235229,321593,1278120,62,14388077,756674,19.015072,725,440.25
248698,267664,333257,1431589,61,16206778,849626,19.075348,757,433.74
235809,247241,333371,1385616,61,15690365,816428,19.218473,754,392.92
337084,296206,392393,1755175,61,20062684,1025690,19.560316,800,375.91
248844,261467,285756,1330682,63,15109779,796074,18.980537,821,358.88
248476,278071,362332,1499702,65,16934320,888886,19.051321,791,399.39
216667,261035,357717,1409818,64,15852431,835426,18.975426,796,377.26
236555,290864,384946,1533881,61,17237018,912372,18.892677,810,376.51
332666,306818,363237,1698639,62,19401892,1002728,19.349243,746,391.97
246830,300437,372475,1539062,61,17315964,919749,18.826979,809,355.56
208073,291680,369637,1447115,64,16167032,869397,18.595835,794,348.1
250849,253488,412348,1579897,61,17875122,916692,19.499743,711,417.08
252029,251355,295740,1346908,65,15321229,799131,19.17253,746,366.99
231968,284205,428198,1604552,61,18009368,944378,19.070227,792,410.45
161942,256274,306217,1192607,63,13253732,724440,18.295319,774,369.35
231843,268715,352150,1436716,64,16193653,852715,18.990854,841,381.53
286856,314124,387205,1662261,65,18803882,988192,19.028706,846,347.96
219215,294474,423968,1580855,62,17677152,937664,18.852472,738,398.77
210799,269915,366274,1424076,61,15968037,846995,18.852732,780,408.38
278045,315906,410992,1693995,64,19114148,1004950,19.020132,741,369.79
283166,285956,409663,1671629,62,18948506,978792,19.359211,773,347.5
130845,775,132076,527130,515,6314617,263952,23.946579,2326,3901.44
131270,776,132515,528859,516,6335334,264817,23.94659,2612,3859.93
131621,778,132782,530097,519,6350352,265437,23.947235,2194,4203.56
130924,770,132187,527505,516,6319068,264137,23.946657,2021,4471.01
131288,776,132473,528811,517,6334878,264793,23.947039,2228,4121.15
131482,811,132811,529910,517,6347673,265360,23.944086,2471,3902.91
131659,769,132828,530256,517,6352271,265512,23.9477,2345,4253.81
131564,781,132793,530008,515,6349139,265394,23.946545,2260,4206.38
131452,773,132685,529560,516,6343779,265166,23.946922,2091,4351.43
131486,773,132727,529712,517,6345587,265242,23.946877,2069,4213.93
131279,778,132516,528881,516,6335608,264829,23.94654,2067,4285.98
131876,775,133053,531146,518,6362917,265960,23.94739,2247,4106.67
131663,780,132886,530391,516,6353750,265585,23.946686,2110,3986.81
130993,771,132148,527566,515,6320013,264168,23.947426,2337,3972.36
130920,777,132081,527292,516,6316695,264034,23.947012,2194,3732.7
131619,769,132882,530284,517,6352419,265526,23.946993,2337,3831.09
131477,785,132730,529712,515,6345527,265248,23.946108,2461,3892.73
130984,776,132133,527523,516,6319494,264149,23.947184,2307,3775.92
131321,777,132490,528912,516,6336119,264844,23.947115,2262,4173.53
131460,769,132711,529624,516,6344523,265196,23.947018,2447,4132.0
131256,815,132505,528850,516,6335101,264832,23.944353,2170,4303.91
131232,777,132395,528544,516,6331715,264660,23.947123,2162,3858.45
131501,778,132642,529577,515,6344152,265177,23.947336,2032,4391.56
131871,778,133122,531277,516,6364332,266027,23.946676,2134,3901.11
131738,772,132967,530695,517,6357410,265733,23.94712,2560,3648.72
131502,779,132675,529646,515,6344913,265212,23.947044,2086,3943.19
131283,778,132510,528877,516,6335580,264827,23.946615,2292,4276.21
130830,774,132087,527121,515,6314460,263947,23.946438,2309,3962.13
131132,777,132371,528296,515,6328587,264536,23.946522,2020,4293.93
131224,776,132397,528531,516,6331542,264653,23.947102,2360,3730.34
8305,134,8488,33849,132,403872,16991,23.859632,497,1267.76
8194,134,8391,33433,133,398852,16783,23.85621,501,1196.57
8194,135,8383,33418,132,398685,16776,23.85621,525,1209.41
8267,137,8468,33736,132,402471,16936,23.854374,618,1018.42
8194,135,8385,33422,132,398729,16778,23.85599,526,1210.33
8286,135,8481,33798,132,403233,16966,23.857117,618,1058.76
8259,136,8444,33671,132,401726,16903,23.85688,521,1198.53
8311,134,8506,33897,132,404424,17015,23.858416,499,1224.74
8192,138,8383,33417,132,398660,16777,23.853289,510,1198.04
8198,134,8379,33417,132,398692,16775,23.858057,502,1195.65
8275,137,8464,33744,132,402591,16940,23.855831,539,1157.85
8273,137,8472,33756,132,402715,16946,23.854698,517,1136.47
8197,135,8378,33414,132,398653,16774,23.857151,620,1051.65
8194,135,8381,33414,132,398641,16774,23.856434,549,1271.64
8284,141,8479,33796,132,403191,16968,23.85181,551,1174.36
8195,134,8378,33409,132,398592,16771,23.857784,524,1286.13
8260,134,8451,33685,132,401888,16909,23.858,532,1228.87
8192,134,8383,33413,132,398624,16773,23.856844,501,1330.32
8277,134,8456,33729,132,402440,16931,23.859608,565,1021.94
8235,136,8422,33579,132,400618,16857,23.856249,543,1158.93
8263,135,8460,33710,132,402173,16922,23.856506,526,1199.03
8316,137,8501,33900,132,404471,17018,23.856966,541,1215.73
8193,136,8388,33427,132,398778,16781,23.85464,501,1118.48
8195,134,8380,33413,132,398636,16773,23.857561,497,1331.05
8326,140,8523,33967,132,405242,17053,23.853199,520,1228.49
8193,135,8382,33414,132,398637,16774,23.856194,531,1252.48
8193,137,8386,33424,132,398743,16780,23.853971,611,1051.63
8192,134,8385,33417,132,398668,16775,23.85662,523,1076.23
8208,134,8397,33473,132,399348,16803,23.85734,518,1200.31
8196,137,8377,33412,131,398623,16774,23.855356,631,1073.79
19573,22046,33950,129221,135,1454212,75633,19.2435,662.0,1174.99
10232,5228,20829,67479,170,771322,36353,21.25498,572.0,1216.54
9858,5132,19535,64047,172,732266,34589,21.209732,680.0,1170.97
18606,14901,35345,122932,136,1395455,68916,20.267458,634.0,710.57
9307,4681,18508,60440,168,691287,32560,21.272987,441.0,1484.98
9546,4889,19483,63076,170,720823,33982,21.25193,461.0,1435.76
9504,4892,19211,62451,170,713774,33671,21.23885,449.0,1513.14
11069,5581,21862,71572,170,818987,38576,21.26576,439.0,1507.94
11396,5741,22499,73660,172,842943,39700,21.267105,440.0,1511.56
11177,5673,21588,71332,169,816595,38502,21.244473,682.0,1162.95
11788,6249,23261,76476,175,874471,41362,21.174658,692.0,1165.37
12061,6090,23866,78073,169,893448,42081,21.263964,634.0,710.57
11845,5995,23278,76370,170,874041,41182,21.256895,666.0,1166.8
11968,6027,23797,77686,168,888945,41856,21.270699,672.0,1179.9
12217,6067,24288,79206,170,906581,42636,21.29524,625.0,766.0
12256,6169,24223,79256,170,907083,42712,21.269064,573.0,1214.87
11455,5724,23026,74815,171,855918,40269,21.288845,480.0,1469.85
12068,10362,23329,81285,132,920264,45823,20.111103,634.0,710.57
12224,11505,23723,83528,132,943275,47516,19.87851,634.0,710.57
12224,11505,23723,83528,132,943275,47516,19.87851,673.0,669.56
12224,11505,23723,83528,132,943275,47516,19.87851,634.0,710.57
12224,11505,23723,83528,132,943275,47516,19.87851,578.0,1212.39
12224,11505,23723,83528,132,943275,47516,19.87851,634.0,710.57
12224,11505,23723,83528,132,943275,47516,19.87851,634.0,710.57
12224,11505,23723,83528,132,943275,47516,19.87851,634.0,710.57
12224,11505,23723,83528,132,943275,47516,19.87851,634.0,710.57
12224,11505,23723,83528,132,943275,47516,19.87851,634.0,710.57
12224,11505,23723,83528,132,943275,47516,19.87851,634.0,710.57
12224,11505,23723,83528,132,943275,47516,19.87851,634.0,710.57
12224,11505,23723,83528,132,943275,47516,19.87851,,
88601,90157,76748,426584,2901,4803495,258370,18.79993,2557,1822.26
83647,85452,78351,415177,2900,4667612,250314,18.862848,2680,2019.06
88166,89940,78300,428601,2901,4824376,259270,18.815378,2604,1759.91
83612,86239,77511,414214,2900,4655305,250226,18.819807,2666,1871.39
83928,84662,78433,415113,2900,4669612,249887,18.903551,2437,1802.26
84611,87354,81554,425413,2900,4780260,256383,18.855629,2516,1822.88
81462,86060,82775,420263,2902,4713602,253161,18.832035,2558,1745.9
80879,84243,80053,411836,2900,4622207,248039,18.852684,2565,1836.44
81402,84421,81525,416004,2901,4669791,250212,18.879436,2583,1716.55
85817,85918,83257,429795,2900,4836158,257856,18.965921,2675,1802.63
84534,87737,80706,423946,2900,4763049,255841,18.827991,2487,1891.27
83937,84744,79275,416897,2901,4689108,250820,18.911049,2658,1839.79
85059,84741,83541,427670,2900,4812105,256205,18.994577,2525,1759.88
79945,82807,81592,411610,2899,4618857,247208,18.903091,2657,1771.87
84355,85239,80398,420474,2902,4729137,252856,18.917152,2444,1921.47
85380,85831,79577,421474,2900,4743053,253652,18.9126,2683,1771.29
86126,87884,79283,424431,2902,4774458,256157,18.849546,2583,1705.1
85174,87132,81667,426543,2902,4795386,256837,18.88148,2605,1755.58
81557,83554,81378,415153,2900,4662784,249353,18.916803,2498,1913.69
83543,88305,82880,426880,2901,4790223,257592,18.805246,2586,1861.56
85233,87513,78929,421566,2900,4740113,254539,18.834263,2602,2141.49
78700,88749,83472,418822,2901,4681325,253785,18.656569,2516,2078.63
83464,88555,82136,425484,2900,4774051,257019,18.784014,2555,1814.15
82220,82585,80237,413228,2900,4646199,247906,18.960827,2484,1829.14
85144,87720,83381,430499,2901,4837606,259109,18.87883,2543,1858.9
86151,87378,80178,425765,2901,4790244,256571,18.881008,2526,1862.72
83387,88872,83251,427877,2902,4799432,258374,18.783735,2316,2098.83
85480,87987,80232,425140,2901,4779467,256563,18.839125,2517,1927.52
78502,83450,81114,408411,2901,4576610,245930,18.828672,2592,1769.39
82109,85782,79377,414483,2901,4653166,250132,18.81831,2352,1884.19
68294,259,69257,275618,263,3301629,137938,23.957832,0,0.0
67857,264,69212,274659,262,3289322,137461,23.951431,0,0.0
63757,262,64932,257897,262,3088544,129079,23.9513,0,0.0
58778,259,60113,238298,263,2853045,119278,23.944984,0,0.0
64511,262,65548,260637,262,3121700,130449,23.95393,0,0.0
37200,263,38047,151014,261,1806601,75638,23.925322,0,0.0
37949,263,38368,153154,262,1833137,76708,23.937542,0,0.0
37693,262,38112,152129,261,1820840,76195,23.937319,0,0.0
37374,263,38243,151754,262,1815437,76008,23.925106,0,0.0
37872,258,38717,153693,261,1838768,76975,23.927649,0,0.0
37425,261,38298,151964,262,1817955,76112,23.925497,0,0.0
38933,262,39768,157921,262,1889512,79091,23.929081,0,0.0
47555,261,48274,192176,262,2300807,96218,23.944292,0,0.0
48119,260,48836,194427,262,2327826,97343,23.945131,0,0.0
48512,270,49231,196013,261,2346824,98141,23.944008,0,0.0
48397,266,49102,195521,261,2340960,97893,23.944765,0,0.0
48146,262,48699,194209,262,2325532,97235,23.94814,0,0.0
47335,262,47884,190957,261,2286516,95609,23.94734,0,0.0
48064,265,48785,194220,262,2325319,97242,23.94422,0,0.0
47321,262,48152,191465,262,2292048,95863,23.94159,0,0.0
48100,262,48669,194057,261,2323676,97159,23.94777,0,0.0
48678,259,49277,196426,261,2352053,98342,23.948246,0,0.0
47841,264,48558,193319,262,2314518,96791,23.944199,0,0.0
47856,261,48575,193380,262,2315255,96820,23.94464,0,0.0
47377,258,48090,191449,261,2292104,95853,23.944675,0,0.0
48469,261,49062,195580,261,2341907,97920,23.947838,0,0.0
48232,264,48813,194611,262,2330294,97437,23.947363,0,0.0
48513,263,49098,195742,261,2343861,98002,23.947739,0,0.0
47444,261,48151,191708,261,2295215,95984,23.944407,0,0.0
48174,258,48751,194365,261,2327368,97311,23.948303,0,0.0
7,99559,66926,233682,515,2368585,166620,14.226419,1147,1798.85,op29
7,99562,66928,233689,514,2368656,166625,14.2264185,1147,1798.85,op29
5,98044,65912,230135,513,2332590,164089,14.226493,1146,1798.85,op29
7,98048,65916,230151,513,2332766,164099,14.226699,1146,1798.85,op29
11,101833,68446,239004,516,2422595,170418,14.226291,1147,1798.85,op29
3,98042,65914,230133,513,2332564,164087,14.226508,1146,1798.85,op29
4,98042,65913,230133,513,2332568,164087,14.226532,1146,1798.85,op29
18413,22583,43257,146178,143,1633639,84380,19.389683,2948,335.59,op29
