+,!,*,&,ASTSize,ASTDepth,lev,power,area,delay
1.0,1748.0,1542.0,0.0,4835,28,14,54.88,90.28,165.19
5.0,1330.0,1426.0,4.0,4201,29,14,73.91,116.87,204.24
9.0,62.0,61.0,10.0,223,15,3,23.09,27.53,61.47
6.0,5563.0,5443.0,6.0,16474,34,17,109.09,165.86,280.55
5.0,62.0,60.0,5.0,203,13,5,51.47,47.36,52.49
1.0,2829.0,2611.0,4.0,8062,26,11,57.61,74.88,167.13
13.0,4071.0,4198.0,20.0,12534,34,11,86.46,154.2,223.29
4.0,4217.0,4461.0,3.0,13154,29,14,66.05,147.2,281.74
5.0,170.0,157.0,4.0,503,24,4,10.73,9.1,36.71
4.0,2032.0,2107.0,5.0,6265,26,10,71.4,110.34,142.85
2.0,30.0,35.0,10.0,125,14,3,22.5,23.79,44.24
7.0,23.0,23.0,11.0,106,13,4,24.84,23.56,41.2
1.0,1887.0,1933.0,2.0,5760,29,12,73.23,101.71,178.77
2.0,4124.0,4324.0,1.0,12779,30,14,98.22,158.16,201.59
0.0,475.0,616.0,9.0,1726,30,8,213.37,212.98,154.95
9.0,2461.0,2160.0,14.0,6828,24,11,86.32,136.47,275.71
10.0,64.0,41.0,18.0,203,22,2,34.18,33.13,28.33
4.0,1491.0,1375.0,13.0,4276,31,9,71.03,130.17,206.63
7.0,1680.0,1670.0,9.0,5053,24,8,44.67,62.99,134.96
7.0,48.0,39.0,16.0,173,20,2,31.85,30.33,35.4
6.0,68.0,56.0,9.0,211,14,3,32.48,28.23,49.82
6.0,380.0,374.0,13.0,1167,21,7,72.11,90.51,118.47
8.0,490.0,520.0,7.0,1561,25,8,54.2,74.42,118.32
7.0,970.0,853.0,6.0,2703,27,13,76.36,107.54,162.67
5.0,865.0,977.0,8.0,2846,26,8,64.66,60.42,86.57
7.0,63.0,50.0,15.0,208,17,4,48.35,39.66,40.4
3.0,2131.0,1886.0,2.0,5914,32,10,84.3,108.01,143.96
7.0,139.0,133.0,11.0,442,16,5,50.42,45.96,61.06
1.0,116.0,117.0,8.0,369,18,6,67.58,66.48,74.78
3.0,17639.0,16323.0,11.0,50314,32,13,136.82,293.47,322.42
3.0,800.0,694.0,2.0,2199,22,10,68.24,87.25,123.74
3.0,78.0,93.0,6.0,283,15,5,23.94,27.06,57.19
6.0,115.0,118.0,9.0,382,16,5,55.72,49.69,71.25
4.0,3449.0,2892.0,4.0,9250,30,12,53.44,85.38,181.65
1.0,51673.0,54623.0,10.0,160942,51,15,135.97,300.93,328.23
9.0,87.0,74.0,17.0,288,19,5,36.94,46.66,57.74
1.0,708.0,808.0,6.0,2339,29,9,104.6,117.34,183.22
8.0,267.0,288.0,17.0,894,25,6,79.57,92.38,85.24
9.0,152.0,114.0,14.0,427,19,4,35.6,45.72,46.66
2.0,782.0,815.0,7.0,2431,26,9,67.93,79.55,138.31
3.0,83.0,71.0,6.0,244,16,6,41.46,30.79,66.68
5.0,1216.0,1348.0,6.0,3935,23,10,74.45,103.11,147.17
0.0,5873.0,5738.0,2.0,17354,43,5,10.91,11.43,41.05
2.0,256.0,236.0,1.0,735,19,9,38.69,60.19,103.88
6.0,3710.0,3866.0,21.0,11497,39,11,95.74,149.07,237.83
5.0,416.0,328.0,9.0,1101,18,9,61.16,84.45,113.76
3.0,390.0,382.0,6.0,1173,19,6,32.83,42.92,92.92
6.0,643.0,644.0,8.0,1960,21,8,77.6,107.08,137.47
7.0,1211.0,1340.0,15.0,3936,28,11,84.91,117.57,158.28
5.0,70.0,62.0,12.0,229,16,4,45.12,42.22,43.59
2.0,420.0,442.0,5.0,1319,18,6,35.5,48.52,73.87
8.0,183.0,167.0,24.0,582,28,5,49.23,48.29,79.81
4.0,1655.0,1557.0,6.0,4790,26,12,84.77,128.77,240.7
5.0,254.0,230.0,10.0,745,16,7,37.56,50.62,91.98
3.0,11242.0,10990.0,14.0,33257,37,14,175.18,264.54,262.24
3.0,39.0,37.0,4.0,128,11,4,18.49,15.4,43.81
10.0,17.0,10.0,19.0,96,21,1,27.58,26.36,16.38
3.0,90.0,92.0,8.0,297,14,5,39.44,45.96,78.17
10.0,734.0,751.0,13.0,2283,22,9,63.89,90.98,162.64
10.0,3780.0,3845.0,14.0,11519,29,11,91.28,169.36,234.43
0.0,29437.0,26746.0,1.0,82932,78,16,262.01,551.71,340.54
2.0,247.0,257.0,3.0,772,18,8,42.2,51.55,85.71
0.0,36811.0,35324.0,0.0,107460,63,17,102.72,207.62,324.34
4.0,2495.0,2331.0,6.0,7178,26,11,71.13,131.34,186.8
0.0,1765.0,1548.0,0.0,4862,29,12,48.34,76.98,150.68
10.0,261.0,248.0,16.0,810,24,6,82.48,90.75,83.21
11.0,941.0,924.0,22.0,2856,33,7,68.45,113.61,127.23
1.0,11004.0,10744.0,3.0,32501,42,11,66.48,78.15,188.87
5.0,56593.0,54529.0,4.0,165670,45,21,115.31,250.08,334.11
5.0,3498.0,3324.0,13.0,10183,29,11,89.47,155.36,211.94
8.0,2929.0,3172.0,10.0,9310,34,9,70.26,136.94,171.87
5.0,258.0,234.0,5.0,747,19,9,61.4,68.12,103.74
9.0,2417.0,2264.0,11.0,6986,26,11,86.54,149.3,212.57
2.0,298.0,280.0,2.0,867,21,10,76.44,83.98,115.63
6.0,5860.0,6513.0,6.0,18911,32,15,76.84,149.07,239.37
1.0,31930.0,33386.0,0.0,98705,40,18,77.75,204.59,313.3
4.0,81588.0,77191.0,4.0,235987,39,16,76.29,183.12,306.18
9.0,669.0,628.0,9.0,1962,21,8,73.25,111.51,127.34
3.0,8680.0,8812.0,2.0,26315,34,11,56.3,89.11,207.17
7.0,3320.0,3736.0,10.0,10827,30,10,43.22,57.85,128.91
2.0,159.0,143.0,3.0,456,17,9,48.89,52.02,87.23
2.0,189.0,167.0,8.0,544,15,6,68.32,75.82,83.77
8.0,7768.0,7542.0,8.0,22885,33,15,101.77,173.09,227.95
10.0,106.0,97.0,14.0,349,19,4,36.28,39.66,47.1
4.0,109474.0,133508.0,3.0,376505,49,21,166.94,429.47,404.06
9.0,189.0,173.0,10.0,574,16,7,57.02,57.62,104.82
2.0,87.0,75.0,2.0,246,14,7,36.44,29.39,57.73
13.0,34.0,23.0,18.0,143,20,3,39.41,34.06,39.22
0.0,423.0,523.0,0.0,1470,20,10,54.36,74.65,121.27
3.0,392.0,381.0,6.0,1173,20,9,48.23,49.92,97.01
4.0,978.0,870.0,6.0,2739,21,9,61.98,96.81,125.01
2.0,1236.0,1201.0,13.0,3669,27,9,82.68,125.04,165.87
0.0,4425.0,3302.0,1.0,11032,25,12,56.53,83.28,157.67
3.0,1939.0,1717.0,2.0,5384,41,8,53.45,65.09,107.81
6.0,31.0,24.0,17.0,126,19,2,34.51,28.93,25.68
9.0,335.0,305.0,12.0,988,17,8,55.4,58.55,106.77
9.0,76.0,64.0,8.0,239,14,5,28.96,20.53,34.65
0.0,2832.0,2636.0,2.0,8109,35,9,26.03,29.39,79.89
4.0,39030.0,40014.0,5.0,119077,43,18,102.32,235.61,337.87
19.0,65.0,39.0,35.0,252,36,3,68.59,54.82,31.89
2.0,609.0,617.0,13.0,1874,48,9,206.3,208.55,158.24
7.0,86.0,97.0,15.0,325,20,4,40.26,37.32,54.07
0.0,11792.0,14261.0,2.0,40319,43,15,136.13,236.78,320.34
4.0,101.0,90.0,4.0,298,15,7,29.18,43.39,76.43
4.0,21.0,16.0,12.0,86,14,2,22.71,18.43,17.52
6.0,1211.0,1210.0,8.0,3660,23,9,49.84,65.55,146.38
7.0,156.0,133.0,9.0,455,15,5,32.38,31.26,63.86
18.0,104.0,77.0,23.0,341,25,6,59.81,64.62,68.07
2.0,497.0,541.0,11.0,1606,33,8,144.86,150.0,166.17
1.0,1253.0,1407.0,2.0,4074,60,11,128.8,215.78,237.98
10.0,76.0,64.0,22.0,269,24,4,55.04,54.35,40.1
3.0,38.0,29.0,3.0,109,12,5,27.24,21.23,37.11
3.0,112.0,99.0,6.0,329,15,7,56.77,50.16,58.17
12.0,25.0,17.0,21.0,126,23,3,36.4,33.13,36.62
10.0,472.0,485.0,14.0,1491,24,7,74.95,113.84,137.37
2.0,4909.0,4821.0,7.0,14570,25,10,84.5,145.33,198.15
9.0,6637.0,6813.0,11.0,20304,35,16,91.79,142.53,257.89
2.0,36332.0,34026.0,1.0,104391,43,21,78.63,176.83,324.58
2.0,26.0,33.0,3.0,103,13,5,27.41,22.86,38.24
0.0,58.0,63.0,6.0,197,16,4,20.46,19.83,35.53
1.0,55.0,65.0,4.0,196,22,5,23.0,21.46,49.51
7.0,25.0,15.0,25.0,120,27,1,32.24,32.66,16.38
3.0,48.0,41.0,4.0,145,13,5,18.18,15.86,43.4
0.0,210.0,252.0,2.0,719,17,8,47.36,50.86,80.14
4.0,1642.0,1573.0,11.0,4819,25,10,103.21,148.6,223.73
2.0,976.0,1038.0,8.0,3073,38,10,181.92,191.76,194.68
3.0,67.0,65.0,3.0,210,13,6,42.15,34.06,50.06
5.0,3863.0,3610.0,8.0,11110,27,12,101.96,164.7,231.28
7.0,102.0,105.0,19.0,365,21,5,64.24,60.19,66.26
7.0,1473.0,1506.0,19.0,4538,30,9,124.06,191.06,205.69
4.0,224.0,214.0,11.0,683,22,5,47.96,60.89,102.37
5.0,941.0,898.0,8.0,2764,32,8,48.86,87.25,126.46
3.0,95.0,79.0,4.0,268,13,6,29.19,44.09,75.5
2.0,1433.0,1662.0,8.0,4778,31,10,73.56,99.38,141.42
4.0,29.0,24.0,6.0,98,11,3,19.0,17.5,39.76
6.0,21.0,13.0,13.0,86,15,2,24.11,21.93,30.57
2.0,237.0,202.0,4.0,654,16,7,55.89,51.55,70.09
9.0,153.0,132.0,11.0,458,17,6,60.05,60.19,87.38
6.0,70.0,79.0,9.0,259,15,5,35.47,48.29,59.27
4.0,524.0,815.0,10.0,2183,22,8,49.32,58.55,133.64
2.0,851.0,844.0,1.0,2546,27,11,59.96,94.48,161.41
0.0,25.0,28.0,4.0,90,15,3,12.7,10.26,27.0
5.0,105.0,114.0,11.0,366,17,5,44.47,44.79,53.7
6.0,1632.0,1454.0,5.0,4563,29,14,101.68,121.31,176.97
11.0,30274.0,31360.0,15.0,93047,41,13,101.01,227.91,265.18
8.0,90.0,81.0,11.0,291,13,5,40.3,46.42,56.62
5.0,41.0,39.0,19.0,168,21,2,46.96,34.76,23.47
3.0,192.0,183.0,6.0,577,17,6,43.91,61.82,77.6
0.0,1827.0,1698.0,0.0,5224,53,12,71.09,117.11,220.06
4.0,200.0,194.0,14.0,625,20,6,86.94,80.48,71.17
4.0,97.0,102.0,8.0,326,16,5,23.73,28.23,64.13
6.0,142.0,141.0,8.0,453,18,7,45.67,52.49,82.99
4.0,1980.0,1859.0,12.0,5731,27,8,50.79,95.18,178.6
12.0,2635.0,2734.0,21.0,8170,33,9,79.16,77.92,137.91
4.0,2207.0,1893.0,3.0,6008,26,13,70.7,107.08,200.21
1.0,5243.0,4952.0,9.0,15168,38,12,117.45,208.09,270.24
7.0,145.0,140.0,13.0,466,18,7,87.75,76.28,60.79
6.0,261.0,285.0,10.0,864,22,5,27.78,45.26,80.09
16.0,15193.0,14402.0,20.0,44070,45,13,106.65,203.65,311.14
7.0,1262.0,1553.0,7.0,4397,36,9,58.78,91.21,157.93
5.0,471.0,443.0,6.0,1380,20,9,57.74,70.68,102.28
0.0,19805.0,19658.0,2.0,59126,51,14,109.21,186.86,224.68
1.0,395.0,389.0,5.0,1186,18,7,40.67,48.06,92.07
5.0,143.0,151.0,15.0,486,19,6,60.12,63.92,103.11
3.0,32.0,39.0,7.0,131,19,3,18.07,15.16,28.07
4.0,2009.0,1637.0,6.0,5304,23,10,62.07,78.15,148.03
8.0,1316.0,1354.0,17.0,4075,27,9,89.07,163.53,152.87
4.0,1227.0,1207.0,9.0,3668,25,10,87.77,107.54,146.69
0.0,548.0,603.0,5.0,1765,33,8,201.29,214.38,156.74
0.0,2314.0,2435.0,1.0,7187,91,13,147.57,224.18,256.4
4.0,337.0,343.0,8.0,1048,21,7,72.81,83.05,100.88
0.0,158.0,146.0,4.0,459,18,7,37.86,35.93,72.91
1.0,81.0,86.0,3.0,262,14,6,40.05,39.42,66.48
3.0,686.0,626.0,5.0,1955,20,9,64.42,96.81,177.4
1.0,3628.0,3419.0,9.0,10487,30,11,149.49,191.29,194.89
5.0,23264.0,20582.0,5.0,64449,37,18,109.37,210.19,284.14
13.0,293.0,310.0,14.0,968,24,6,50.62,64.62,97.67
5.0,952.0,947.0,4.0,2865,24,11,63.25,87.95,151.62
5.0,58.0,52.0,6.0,185,13,4,29.62,25.89,37.63
5.0,1885.0,2141.0,9.0,6196,26,9,68.63,101.24,146.22
8.0,201.0,178.0,8.0,590,17,7,59.74,80.95,83.09
3.0,6478.0,5779.0,2.0,18047,48,10,80.4,121.77,147.85
10.0,2127.0,1900.0,23.0,5994,36,8,92.05,149.3,212.77
3.0,1399.0,1621.0,10.0,4668,37,11,90.23,129.94,183.13
10.0,13636.0,14816.0,12.0,43313,32,15,160.53,309.33,247.95
5.0,342.0,338.0,10.0,1049,24,8,62.59,63.45,105.09
1.0,169.0,144.0,0.0,460,19,9,56.55,62.29,115.32
10.0,11008.0,10419.0,12.0,31891,39,11,77.73,179.86,237.48
11.0,2814.0,2612.0,15.0,8091,30,12,85.2,128.3,172.93
5.0,7069.0,8009.0,21.0,23140,40,11,162.81,260.11,225.52
9.0,62.0,53.0,17.0,221,19,5,44.21,52.49,61.04
8.0,3503.0,3395.0,18.0,10346,36,8,64.57,98.91,150.56
3.0,70.0,56.0,12.0,213,16,4,38.54,31.96,37.51
4.0,189.0,175.0,5.0,558,16,7,57.23,48.99,86.91
0.0,4910.0,4915.0,8.0,14757,35,11,94.45,153.73,216.61
9.0,1094.0,1101.0,18.0,3351,33,7,87.82,166.33,156.56
1.0,433.0,371.0,0.0,1178,21,10,55.64,83.51,123.94
2.0,48.0,47.0,7.0,161,12,4,33.04,28.69,46.44
1.0,80.0,80.0,10.0,263,18,4,41.71,37.09,53.13
5.0,1182.0,1232.0,12.0,3681,29,8,59.55,96.58,155.72
1.0,426.0,457.0,9.0,1361,20,7,58.5,74.65,97.51
10.0,73.0,65.0,19.0,262,21,5,57.24,48.52,72.84
2.0,738.0,612.0,1.0,1969,27,13,45.86,71.38,159.12
10.0,429.0,387.0,15.0,1254,22,6,81.87,97.74,103.04
9.0,115.0,103.0,13.0,366,20,4,40.24,50.39,71.91
0.0,466.0,480.0,5.0,1437,25,8,95.59,107.78,125.38
2.0,8353.0,8191.0,15.0,24770,36,10,78.58,114.31,179.36
0.0,1350.0,1292.0,0.0,3935,23,12,89.88,135.3,231.05
7.0,2503.0,2258.0,6.0,7046,27,12,92.98,166.56,218.59
2.0,27871.0,32014.0,7.0,91918,60,15,111.35,338.72,282.27
6.0,13.0,10.0,18.0,82,19,1,23.75,25.19,16.38
3.0,3363.0,3433.0,13.0,10262,40,11,203.54,267.81,252.64
0.0,9284.0,8426.0,3.0,26143,40,14,108.68,213.45,224.08
10.0,220.0,213.0,19.0,705,25,5,66.79,74.65,81.99
4.0,513.0,534.0,11.0,1612,23,9,69.84,83.28,122.84
2.0,396.0,353.0,3.0,1113,18,9,63.17,76.52,98.9
8.0,21.0,19.0,18.0,112,20,2,28.38,27.53,16.38
6.0,558.0,492.0,7.0,1569,21,10,41.42,76.28,146.44
6.0,127.0,107.0,7.0,368,14,6,35.8,44.09,76.39
10.0,1097.0,1199.0,16.0,3548,25,8,59.37,71.85,100.95
4.0,106.0,96.0,16.0,339,19,4,48.45,45.96,38.06
0.0,2032.0,2180.0,10.0,6413,50,11,217.76,308.63,251.27
10.0,380.0,342.0,17.0,1119,21,9,78.82,87.01,119.31
3.0,2548.0,3188.0,16.0,8963,31,9,88.52,163.3,221.28
0.0,5139.0,5709.0,6.0,16570,46,13,172.17,253.81,267.68
4.0,265.0,316.0,11.0,928,24,7,68.43,74.18,99.53
6.0,49.0,45.0,15.0,182,19,4,41.24,28.69,38.27
12.0,250.0,199.0,20.0,713,28,5,72.89,75.82,100.65
5.0,51.0,58.0,11.0,200,16,4,35.21,32.43,45.15
3.0,786.0,777.0,3.0,2353,25,10,72.02,101.24,123.77
4.0,4238.0,4902.0,13.0,14077,33,11,111.88,226.05,274.94
11.0,3373.0,4542.0,19.0,12518,38,9,41.2,89.58,167.13
9.0,18.0,10.0,14.0,85,16,3,24.43,23.09,23.54
1.0,493.0,529.0,11.0,1576,31,8,157.75,155.13,182.38
2.0,1202.0,1261.0,11.0,3751,46,10,171.49,237.01,202.32
5.0,262.0,241.0,8.0,771,18,6,51.63,71.38,79.15
0.0,32307.0,30594.0,12.0,93520,37,14,157.84,238.18,310.32
2.0,3879.0,3641.0,8.0,11182,35,12,181.79,270.84,256.79
9.0,40.0,26.0,15.0,141,17,3,35.99,31.73,41.87
12.0,683.0,782.0,19.0,2310,30,7,52.27,84.91,143.69
1.0,45834.0,44545.0,19.0,134965,48,13,165.61,275.27,303.96
9.0,483.0,449.0,15.0,1430,24,6,58.28,68.58,102.12
2.0,20542.0,24214.0,1.0,68977,43,18,58.74,101.94,206.73
10.0,92.0,67.0,18.0,283,22,4,46.66,49.46,63.66
1.0,24827.0,21167.0,5.0,67174,40,14,138.56,294.63,325.72
6.0,410.0,387.0,6.0,1209,21,10,55.98,82.81,129.68
2.0,217100.0,210974.0,1.0,639055,51,25,116.06,267.81,440.06
3.0,324.0,321.0,10.0,993,25,8,43.81,76.75,152.74
4.0,47.0,56.0,6.0,180,14,4,20.42,19.13,40.09
9.0,106.0,107.0,11.0,361,17,4,33.99,38.49,58.63
5.0,401.0,379.0,13.0,1196,21,8,77.58,98.68,104.35
2.0,832.0,950.0,14.0,2765,31,9,175.34,193.86,177.1
4.0,20415.0,18568.0,4.0,57568,35,17,127.97,258.24,334.68
4.0,65.0,62.0,5.0,208,15,7,28.52,36.62,68.28
5.0,59.0,61.0,9.0,210,15,4,41.24,35.23,54.47
6.0,22.0,22.0,6.0,91,10,4,21.1,18.2,28.36
10.0,146.0,133.0,18.0,469,25,4,52.5,51.32,55.13
1.0,59120.0,48740.0,11.0,156625,45,16,273.57,492.92,446.88
2.0,423.0,418.0,16.0,1296,23,7,141.0,136.24,130.0
2.0,320.0,256.0,1.0,839,21,10,34.4,51.32,112.57
1.0,1370.0,1334.0,0.0,4041,26,12,41.83,85.61,161.37
2.0,7424.0,7380.0,1.0,22191,33,16,122.01,217.65,228.47
10.0,5508.0,5239.0,16.0,16039,34,13,106.23,168.43,238.85
2.0,5161.0,4916.0,10.0,15018,39,12,181.67,270.37,290.75
1.0,1427.0,1417.0,4.0,4272,26,9,35.34,33.83,95.22
12.0,1751.0,1520.0,17.0,4850,30,10,91.47,128.07,189.43
13.0,4344.0,4288.0,18.0,12983,33,10,120.34,223.95,192.17
7.0,15351.0,14098.0,19.0,43600,46,13,180.13,344.55,323.16
1.0,14394.0,16950.0,0.0,48297,37,19,86.76,156.53,281.45
5.0,603.0,608.0,6.0,1842,23,9,50.71,55.52,106.87
1.0,2654.0,2834.0,0.0,8325,28,14,54.91,112.67,207.89
5.0,14957.0,12822.0,18.0,40648,39,13,197.56,291.83,352.92
10.0,203.0,163.0,15.0,580,24,4,48.9,56.69,74.38
4.0,1479.0,1313.0,6.0,4126,31,15,59.9,89.81,171.91
0.0,16418.0,17005.0,5.0,50439,60,15,134.54,278.3,320.68
8.0,21919.0,22575.0,8.0,67102,37,19,74.12,181.73,322.16
0.0,103.0,105.0,0.0,314,18,8,79.74,68.12,71.82
4.0,965.0,955.0,11.0,2906,25,9,81.01,114.77,152.24
1.0,809.0,848.0,8.0,2524,21,9,84.42,119.91,180.25
7.0,47.0,38.0,14.0,166,18,3,32.81,30.09,43.62
5.0,3522.0,3435.0,14.0,10431,32,9,79.83,118.51,195.96
5.0,4496.0,4126.0,8.0,12775,29,8,82.52,131.1,168.6
13.0,82.0,69.0,15.0,277,19,6,40.85,41.52,60.16
7.0,158.0,140.0,13.0,479,20,6,46.14,52.25,93.13
8.0,51.0,50.0,16.0,200,18,4,45.93,48.06,55.25
0.0,2599.0,2346.0,8.0,7308,29,10,163.46,223.72,224.03
6.0,49.0,48.0,11.0,180,14,4,44.16,34.99,44.32
4.0,6618.0,7690.0,4.0,22015,36,15,83.93,169.83,216.4
4.0,3446.0,3104.0,3.0,9669,31,14,64.47,108.94,182.25
0.0,6367.0,6490.0,2.0,19352,63,13,160.83,303.03,343.76
0.0,20772.0,22687.0,8.0,66163,38,14,198.7,319.36,285.01
4.0,241.0,239.0,4.0,736,18,8,48.47,57.85,119.78
8.0,1268.0,1027.0,16.0,3371,28,7,66.85,109.18,155.19
4.0,8945.0,8452.0,4.0,25866,31,15,97.32,168.66,243.63
5.0,230.0,215.0,14.0,699,21,6,52.14,63.92,90.19
3.0,534.0,496.0,9.0,1551,22,7,46.28,50.86,91.01
9.0,34.0,30.0,13.0,139,16,4,37.27,31.26,42.35
4.0,242.0,193.0,4.0,645,17,8,34.99,38.02,83.92
2.0,298672.0,290120.0,1.0,878919,51,19,114.07,251.24,298.26
11.0,4524.0,4261.0,18.0,13105,38,8,57.1,98.68,153.45
8.0,985.0,1026.0,15.0,3084,30,8,76.84,109.87,128.08
4.0,1218.0,1200.0,7.0,3641,22,11,56.84,82.81,140.81
6.0,112.0,91.0,6.0,319,20,6,35.62,35.23,55.65
2.0,57.0,61.0,2.0,188,11,5,25.71,22.63,46.22
3.0,2888.0,2592.0,9.0,8097,30,11,111.13,179.39,225.5
1.0,1084.0,1250.0,11.0,3609,33,9,220.31,245.18,173.3
10.0,10675.0,11367.0,10.0,33450,37,14,88.02,189.19,241.49
8.0,91.0,86.0,9.0,298,17,5,52.29,45.49,71.86
2.0,1826.0,1637.0,7.0,5119,28,11,81.45,104.28,162.54
13.0,1225.0,1128.0,23.0,3554,38,8,84.99,115.94,133.68
2.0,2333.0,2497.0,2.0,7336,28,14,78.81,114.07,192.34
8.0,683.0,578.0,13.0,1882,21,9,73.06,101.94,135.6
5.0,494.0,600.0,7.0,1719,22,7,30.48,37.56,91.15
1.0,398.0,442.0,3.0,1291,60,9,144.49,158.63,147.54
10.0,273.0,246.0,13.0,812,22,5,39.64,46.19,123.61
4.0,125738.0,147147.0,3.0,420047,48,22,106.78,208.32,387.93
1.0,791.0,812.0,6.0,2430,40,9,160.74,167.96,147.1
10.0,255.0,220.0,21.0,758,29,5,46.1,45.49,60.46
5.0,18.0,12.0,12.0,77,15,2,21.35,19.6,26.55
5.0,5206.0,4804.0,10.0,14845,29,12,138.61,258.71,247.62
3.0,257.0,280.0,11.0,846,19,7,88.79,85.85,123.52
19.0,244.0,194.0,25.0,721,27,9,88.52,97.28,106.98
3.0,6740.0,9072.0,18.0,24927,36,12,176.35,244.71,246.09
0.0,68444.0,66146.0,5.0,200747,64,15,109.9,387.24,369.19
8.0,167.0,145.0,18.0,510,23,4,62.06,71.38,97.12
5.0,162.0,164.0,8.0,517,16,5,38.28,42.92,88.2
8.0,393.0,380.0,13.0,1196,24,7,63.32,88.88,135.32
10.0,23.0,17.0,14.0,106,16,3,27.65,27.29,31.19
6.0,6600.0,6311.0,5.0,19245,31,15,100.85,184.99,232.02
2.0,164.0,139.0,6.0,459,15,7,43.76,51.79,86.5
3.0,3022.0,3512.0,2.0,10057,35,17,77.68,102.64,201.11
14.0,63.0,49.0,23.0,236,27,2,38.93,38.02,24.23
2.0,1942.0,1856.0,1.0,5661,29,14,86.41,118.74,178.02
8.0,1738.0,1420.0,7.0,4609,27,13,132.09,169.13,163.82
1.0,2396.0,3069.0,4.0,8545,28,8,21.99,25.89,92.82
4.0,2890.0,2274.0,4.0,7455,33,15,54.02,70.45,190.0
6.0,128.0,113.0,9.0,385,16,6,46.49,49.46,79.24
4.0,2647.0,2552.0,3.0,7766,29,12,43.55,63.45,185.23
8.0,9507.0,9919.0,9.0,29380,30,13,122.01,229.78,303.4
3.0,39.0,32.0,7.0,124,12,4,31.94,24.26,38.95
1.0,13737.0,14716.0,8.0,43188,37,14,74.9,148.83,274.8
0.0,17.0,22.0,1.0,64,10,3,9.37,9.33,24.56
0.0,1910.0,1898.0,6.0,5719,33,9,71.34,110.34,158.4
0.0,7169.0,7031.0,2.0,21236,44,14,61.14,149.77,272.42
8.0,72.0,64.0,15.0,247,20,3,48.2,49.46,41.87
7.0,27.0,17.0,9.0,94,13,3,22.43,21.7,39.76
9.0,888.0,810.0,16.0,2559,26,9,72.49,131.57,167.12
0.0,97.0,90.0,0.0,278,14,7,43.33,49.22,69.55
1.0,30.0,29.0,10.0,111,13,4,30.53,24.73,38.0
6.0,1564.0,1671.0,21.0,4961,31,10,173.15,219.28,174.88
0.0,469.0,511.0,9.0,1510,27,8,167.54,171.23,145.99
3.0,25076.0,23842.0,2.0,72771,40,17,110.08,179.86,250.57
5.0,38.0,30.0,7.0,123,12,3,18.74,18.9,45.38
3.0,571.0,540.0,6.0,1670,23,9,80.33,100.54,124.46
4.0,5290.0,4652.0,3.0,14609,40,17,73.02,94.94,207.21
5.0,292.0,269.0,7.0,855,17,6,60.62,66.02,110.35
0.0,5435.0,6009.0,3.0,17460,55,13,139.72,235.15,271.9
0.0,7168.0,6807.0,6.0,20795,33,10,63.13,100.54,176.44
1.0,48.0,44.0,2.0,143,15,6,29.03,27.53,60.92
5.0,1942.0,1891.0,10.0,5755,23,11,84.68,128.54,195.73
8.0,396.0,446.0,14.0,1333,24,7,66.36,71.62,87.08
3.0,134.0,139.0,5.0,429,14,6,36.74,36.16,70.39
8.0,159.0,126.0,9.0,446,14,7,45.91,52.49,98.14
3.0,31.0,29.0,17.0,130,19,3,34.29,31.03,25.68
4.0,54.0,42.0,7.0,161,13,4,29.57,33.83,34.36
10.0,2307.0,2062.0,11.0,6474,24,10,83.59,121.77,167.61
9.0,41.0,39.0,16.0,170,20,2,37.14,31.96,23.62
6.0,186.0,185.0,11.0,591,21,5,61.12,63.22,76.43
6.0,12.0,8.0,8.0,57,10,3,14.87,15.16,23.04
4.0,13.0,11.0,14.0,72,16,1,20.92,19.36,30.57
2.0,1681.0,1634.0,13.0,4980,29,10,157.4,182.66,196.61
15.0,30.0,10.0,25.0,131,27,1,35.0,33.13,30.57
5.0,743.0,720.0,13.0,2220,24,6,78.3,109.64,103.73
8.0,142.0,122.0,13.0,429,19,5,45.05,52.25,76.28
1.0,100.0,123.0,4.0,357,19,7,51.67,54.59,92.76
3.0,47.0,43.0,4.0,148,12,5,22.81,34.06,54.71
2.0,648.0,651.0,15.0,1985,30,9,120.2,114.07,182.01
3.0,488.0,526.0,11.0,1569,20,8,83.94,90.28,143.39
0.0,6513.0,7056.0,3.0,20632,59,12,34.46,40.12,103.57
4.0,600.0,570.0,3.0,1755,20,10,60.65,76.05,158.18
9.0,1852.0,1842.0,10.0,5575,28,13,107.28,152.1,197.04
5.0,34.0,31.0,8.0,123,12,3,27.04,23.56,35.01
1.0,21.0,18.0,4.0,68,10,4,18.89,15.63,34.35
2.0,6921.0,5929.0,2.0,18788,39,19,81.06,112.44,234.99
2.0,57.0,47.0,3.0,162,14,6,27.31,25.89,61.2
8.0,101.0,79.0,13.0,302,19,5,36.34,34.99,40.52
9.0,2713.0,2492.0,12.0,7740,26,11,77.51,157.93,167.2
6.0,357.0,362.0,14.0,1122,23,7,61.81,70.68,109.58
3.0,2061.0,2179.0,4.0,6434,24,8,35.41,40.36,80.01
12.0,26.0,13.0,22.0,121,24,2,33.54,32.89,16.38
8.0,223.0,194.0,7.0,642,19,9,59.42,80.02,114.99
0.0,71161.0,64686.0,3.0,200540,97,16,190.76,311.43,356.38
6.0,209.0,189.0,11.0,622,18,6,37.25,52.72,79.72
0.0,10152.0,10039.0,1.0,30233,60,14,110.85,246.11,258.68
0.0,760.0,761.0,1.0,2285,40,9,122.7,158.63,156.32
0.0,60.0,59.0,0.0,179,14,7,21.24,20.3,53.11
4.0,632.0,539.0,7.0,1733,21,6,51.17,75.35,132.22
8.0,48.0,48.0,12.0,185,16,4,33.23,36.86,58.5
